Energy,CPS,Spectrum
0,32.6215772321373,blackdiamond
0.0200609,26.9778990881738,blackdiamond
0.0401218,17.3482568425332,blackdiamond
0.0601827,8.04643220525483,blackdiamond
0.0802436,2.96525927564021,blackdiamond
0.1003045,0.92012442347127,blackdiamond
0.1203654,0.223512005701523,blackdiamond
0.1404263,0.0372520009502538,blackdiamond
0.1604872,0.0186260004751269,blackdiamond
0.1805481,0,blackdiamond
0.200609,0.0223512005701523,blackdiamond
0.2206699,0.0186260004751269,blackdiamond
0.2407308,0.00745040019005077,blackdiamond
0.2607917,0.00745040019005077,blackdiamond
0.2808526,0.00372520009502538,blackdiamond
0.3009135,0.0111756002850762,blackdiamond
0.3209744,0,blackdiamond
0.3410353,0.0111756002850762,blackdiamond
0.3610962,0.00745040019005077,blackdiamond
0.3811571,0,blackdiamond
0.401218,0.00745040019005077,blackdiamond
0.4212789,0,blackdiamond
0.4413398,0,blackdiamond
0.4614007,0,blackdiamond
0.4814616,0,blackdiamond
0.5015225,0.00745040019005077,blackdiamond
0.5215834,0.00372520009502538,blackdiamond
0.5416443,0.0596032015204061,blackdiamond
0.5617052,0.4842760123533,blackdiamond
0.5817661,2.39902886119635,blackdiamond
0.601827,5.39781493769178,blackdiamond
0.6218879,7.72233979698762,blackdiamond
0.6419488,8.82499902511513,blackdiamond
0.6620097,8.75794542340468,blackdiamond
0.6820706,8.4822806163728,blackdiamond
0.7021315,8.25131821048123,blackdiamond
0.7221924,8.07623380601503,blackdiamond
0.7422533,8.2475930103862,blackdiamond
0.7623142,7.88252340107371,blackdiamond
0.7823751,7.90859980173889,blackdiamond
0.802436,8.24014261019615,blackdiamond
0.8224969,7.97937860354437,blackdiamond
0.8425578,7.51745379176123,blackdiamond
0.8626187,7.86762260069361,blackdiamond
0.8826796,7.72233979698762,blackdiamond
0.9027405,7.71488939679757,blackdiamond
0.9228014,7.80056899898315,blackdiamond
0.9428623,7.67018699565727,blackdiamond
0.9629232,7.83409579983838,blackdiamond
0.9829841,7.483926990906,blackdiamond
1.003045,7.43549938967067,blackdiamond
1.0231059,7.69253819622742,blackdiamond
1.0431668,7.39452218862539,blackdiamond
1.0632277,7.53980499233138,blackdiamond
1.0832886,7.58078219337666,blackdiamond
1.1033495,7.45040019005077,blackdiamond
1.1234104,7.42432378938559,blackdiamond
1.1434713,7.06670458026315,blackdiamond
1.1635322,7.05552897997808,blackdiamond
1.1835931,7.15238418244874,blackdiamond
1.203654,6.91397137636711,blackdiamond
1.2237149,6.90652097617706,blackdiamond
1.2437758,6.84319257456163,blackdiamond
1.2638367,6.95122337731737,blackdiamond
1.2838976,6.83201697427655,blackdiamond
1.3039585,6.81711617389645,blackdiamond
1.3240194,6.65693256981036,blackdiamond
1.3440803,6.39989376325361,blackdiamond
1.3641412,6.19873295812224,blackdiamond
1.3842021,6.48184816534417,blackdiamond
1.404263,6.48184816534417,blackdiamond
1.4243239,6.48929856553422,blackdiamond
1.4443848,5.99384695289584,blackdiamond
1.4644457,6.22480935878742,blackdiamond
1.4845066,6.13167935641178,blackdiamond
1.5045675,5.7964113478595,blackdiamond
1.5246284,5.76660974709929,blackdiamond
1.5446893,5.76660974709929,blackdiamond
1.5647502,5.59897574282315,blackdiamond
1.5848111,5.89699175042518,blackdiamond
1.604872,5.77406014728935,blackdiamond
1.6249329,5.44996773902214,blackdiamond
1.6449938,5.26370773427087,blackdiamond
1.6650547,5.32331093579127,blackdiamond
1.6851156,5.09607372999473,blackdiamond
1.7051765,5.30095973522112,blackdiamond
1.7252374,5.24135653370072,blackdiamond
1.7452983,5.11097453037483,blackdiamond
1.7653592,5.03274532837929,blackdiamond
1.7854201,5.15195173142011,blackdiamond
1.805481,4.80178292248772,blackdiamond
1.8255419,4.98804292723899,blackdiamond
1.8456028,4.92471452562356,blackdiamond
1.8656637,5.26370773427087,blackdiamond
1.8857246,4.90236332505341,blackdiamond
1.9057855,4.92471452562356,blackdiamond
1.9258464,4.98059252704894,blackdiamond
1.9459073,5.01039412780914,blackdiamond
1.9659682,4.89491292486335,blackdiamond
1.9860291,4.8129585227728,blackdiamond
2.00609,4.67140091916183,blackdiamond
2.0261509,4.8874625246733,blackdiamond
2.0462118,4.72727892058721,blackdiamond
2.0662727,4.6527749186867,blackdiamond
2.0863336,4.58944651707127,blackdiamond
2.1063945,4.27280450899412,blackdiamond
2.1264554,4.52239291536082,blackdiamond
2.1465163,4.3733849115598,blackdiamond
2.1665772,4.43671331317523,blackdiamond
2.1866381,4.21692650756873,blackdiamond
2.206699,4.20575090728366,blackdiamond
2.2267599,4.42553771289016,blackdiamond
2.2468208,4.19830050709361,blackdiamond
2.2668817,3.75127649569056,blackdiamond
2.2869426,4.17967450661848,blackdiamond
2.3070035,3.98223890158214,blackdiamond
2.3270644,3.97851370148711,blackdiamond
2.3471253,4.21320130747371,blackdiamond
2.3671862,3.78107809645077,blackdiamond
2.3872471,3.78480329654579,blackdiamond
2.407308,3.66559689350498,blackdiamond
2.4273689,3.74010089540549,blackdiamond
2.4474298,3.76245209597564,blackdiamond
2.4674907,3.52403928989401,blackdiamond
2.4875516,3.44953528799351,blackdiamond
2.5076125,3.52031408979899,blackdiamond
2.5276734,3.44208488780346,blackdiamond
2.5477343,3.34522968533279,blackdiamond
2.5677952,3.39365728656812,blackdiamond
2.5878561,3.47188648856366,blackdiamond
2.607917,3.37875648618802,blackdiamond
2.6279779,3.43835968770843,blackdiamond
2.6480388,3.30797768438254,blackdiamond
2.6680997,3.29307688400244,blackdiamond
2.6881606,3.04721367773076,blackdiamond
2.7082215,3.12916807982132,blackdiamond
2.7282824,3.1105420793462,blackdiamond
2.7483433,3.08074047858599,blackdiamond
2.7684042,3.06211447811087,blackdiamond
2.7884651,3.30425248428752,blackdiamond
2.808526,3.50913848951391,blackdiamond
2.8285869,3.6246196924597,blackdiamond
2.8486478,3.8742080988264,blackdiamond
2.8687087,3.64324569293483,blackdiamond
2.8887696,3.35268008552285,blackdiamond
2.9088305,3.29680208409747,blackdiamond
2.9288914,3.09191607887107,blackdiamond
2.9489523,3.13289327991635,blackdiamond
2.9690132,3.15896968058153,blackdiamond
2.9890741,3.25582488305219,blackdiamond
3.009135,3.1850460812467,blackdiamond
3.0291959,3.05093887782579,blackdiamond
3.0492568,2.91683167440488,blackdiamond
3.0693177,2.64861726756305,blackdiamond
3.0893786,2.65234246765807,blackdiamond
3.1094395,2.48843366347696,blackdiamond
3.1295004,2.36550206034112,blackdiamond
3.1495613,2.28354765825056,blackdiamond
3.1696222,2.27609725806051,blackdiamond
3.1896831,2.38040286072122,blackdiamond
3.209744,2.27609725806051,blackdiamond
3.2298049,2.09728765349929,blackdiamond
3.2498658,2.09728765349929,blackdiamond
3.2699267,2.10101285359432,blackdiamond
3.2899876,2.03395925188386,blackdiamond
3.3100485,1.97435605036345,blackdiamond
3.3301094,1.90357724855797,blackdiamond
3.3501703,1.94455444960325,blackdiamond
3.3702312,1.88122604798782,blackdiamond
3.3902921,1.8924016482729,blackdiamond
3.410353,1.78064564542213,blackdiamond
3.4304139,1.79182124570721,blackdiamond
3.4504748,1.69124084314152,blackdiamond
3.4705357,1.78809604561218,blackdiamond
3.4905966,1.79182124570721,blackdiamond
3.5106575,1.72476764399675,blackdiamond
3.5307184,1.74339364447188,blackdiamond
3.5507793,1.56085883981564,blackdiamond
3.5708402,1.61301164114599,blackdiamond
3.5909011,1.52360683886538,blackdiamond
3.610962,1.64281324190619,blackdiamond
3.6310229,1.59066044057584,blackdiamond
3.6510838,1.60556124095594,blackdiamond
3.6711447,1.54223283934051,blackdiamond
3.6912056,1.51988163877036,blackdiamond
3.7112665,1.6875156430465,blackdiamond
3.7313274,1.4975304382002,blackdiamond
3.7513883,1.36342323477929,blackdiamond
3.7714492,1.4230264362997,blackdiamond
3.7915101,1.39695003563452,blackdiamond
3.811571,1.29264443297381,blackdiamond
3.8316319,1.28146883268873,blackdiamond
3.8516928,1.30382003325888,blackdiamond
3.8717537,1.34479723430416,blackdiamond
3.8918146,1.34852243439919,blackdiamond
3.9118755,1.25539243202355,blackdiamond
3.9319364,1.25166723192853,blackdiamond
3.9519973,1.25166723192853,blackdiamond
3.9720582,1.24049163164345,blackdiamond
3.9921191,1.31127043344894,blackdiamond
4.01218,1.13991122907777,blackdiamond
4.0322409,1.20696483078822,blackdiamond
4.0523018,1.1883388303131,blackdiamond
4.0723627,1.11383482841259,blackdiamond
4.0924236,1.19578923050315,blackdiamond
4.1124845,1.15853722955289,blackdiamond
4.1325454,1.01697962594193,blackdiamond
4.1526063,1.15481202945787,blackdiamond
4.1726672,1.15108682936284,blackdiamond
4.1927281,1.12501042869767,blackdiamond
4.212789,1.04305602660711,blackdiamond
4.2328499,1.00580402565685,blackdiamond
4.2529108,0.994628425371778,blackdiamond
4.2729717,1.06168202708223,blackdiamond
4.2930326,1.06540722717726,blackdiamond
4.3130935,1.02443002613198,blackdiamond
4.3331544,0.976002424896651,blackdiamond
4.3532153,1.03933082651208,blackdiamond
4.3732762,1.02070482603696,blackdiamond
4.3933371,0.964826824611575,blackdiamond
4.413398,0.856796021855838,blackdiamond
4.4334589,0.987178025181727,blackdiamond
4.4535198,1.11756002850762,blackdiamond
4.4735807,1.01697962594193,blackdiamond
4.4936416,1.04305602660711,blackdiamond
4.5137025,1.05050642679716,blackdiamond
4.5337634,1.05050642679716,blackdiamond
4.5538243,0.9685520247066,blackdiamond
4.5738852,1.02443002613198,blackdiamond
4.5939461,1.00580402565685,blackdiamond
4.614007,0.92012442347127,blackdiamond
4.6340679,0.812093620715534,blackdiamond
4.6541288,1.06540722717726,blackdiamond
4.6741897,0.849345621665788,blackdiamond
4.6942506,0.856796021855838,blackdiamond
4.7143115,0.87169682223594,blackdiamond
4.7343724,0.912674023281219,blackdiamond
4.7544333,0.882872422521016,blackdiamond
4.7744942,0.82326922100061,blackdiamond
4.7945551,0.867971622140915,blackdiamond
4.814616,0.786017220050356,blackdiamond
4.8346769,0.901498422996143,blackdiamond
4.8547378,0.875422022330965,blackdiamond
4.8747987,0.916399223376244,blackdiamond
4.8948596,0.905223623091168,blackdiamond
4.9149205,0.864246422045889,blackdiamond
4.9349814,0.856796021855838,blackdiamond
4.9550423,0.942475624041422,blackdiamond
4.9751032,0.782292019955331,blackdiamond
4.9951641,0.767391219575229,blackdiamond
5.015225,0.786017220050356,blackdiamond
5.0352859,0.786017220050356,blackdiamond
5.0553468,0.767391219575229,blackdiamond
5.0754077,0.733864418720001,blackdiamond
5.0954686,0.730139218624975,blackdiamond
5.1155295,0.771116419670254,blackdiamond
5.1355904,0.711513218149848,blackdiamond
5.1556513,0.771116419670254,blackdiamond
5.1757122,0.67798641729462,blackdiamond
5.1957731,0.849345621665788,blackdiamond
5.215834,0.756215619290153,blackdiamond
5.2358949,0.808368420620508,blackdiamond
5.2559558,0.745040019005077,blackdiamond
5.2760167,0.733864418720001,blackdiamond
5.2960776,0.819544020905585,blackdiamond
5.3161385,0.722688818434924,blackdiamond
5.3361994,0.875422022330965,blackdiamond
5.3562603,0.681711617389645,blackdiamond
5.3763212,0.804643220525483,blackdiamond
5.3963821,0.815818820810559,blackdiamond
5.416443,0.972277224801625,blackdiamond
5.4365039,0.782292019955331,blackdiamond
5.4565648,0.849345621665788,blackdiamond
5.4766257,0.815818820810559,blackdiamond
5.4966866,0.830719621190661,blackdiamond
5.5167475,0.77484161976528,blackdiamond
5.5368084,0.640734416344366,blackdiamond
5.5568693,0.789742420145381,blackdiamond
5.5769302,0.741314818910051,blackdiamond
5.5969911,0.789742420145381,blackdiamond
5.617052,0.748765219100102,blackdiamond
5.6371129,0.692887217674722,blackdiamond
5.6571738,0.715238418244874,blackdiamond
5.6772347,0.663085616914518,blackdiamond
5.6972956,0.819544020905585,blackdiamond
5.7173565,0.700337617864772,blackdiamond
5.7374174,0.741314818910051,blackdiamond
5.7574783,0.610932815584163,blackdiamond
5.7775392,0.718963618339899,blackdiamond
5.7976001,0.700337617864772,blackdiamond
5.817661,0.767391219575229,blackdiamond
5.8377219,0.685436817484671,blackdiamond
5.8577828,0.659360416819493,blackdiamond
5.8778437,0.741314818910051,blackdiamond
5.8979046,0.707788018054823,blackdiamond
5.9179655,0.692887217674722,blackdiamond
5.9380264,0.767391219575229,blackdiamond
5.9580873,0.767391219575229,blackdiamond
5.9781482,0.77484161976528,blackdiamond
5.9982091,0.722688818434924,blackdiamond
6.01827,0.599757215299087,blackdiamond
6.0383309,0.644459616439391,blackdiamond
6.0583918,0.748765219100102,blackdiamond
6.0784527,0.815818820810559,blackdiamond
6.0985136,0.745040019005077,blackdiamond
6.1185745,0.655635216724468,blackdiamond
6.1386354,0.722688818434924,blackdiamond
6.1586963,0.663085616914518,blackdiamond
6.1787572,0.689162017579696,blackdiamond
6.1988181,0.648184816534417,blackdiamond
6.218879,0.648184816534417,blackdiamond
6.2389399,0.622108415869239,blackdiamond
6.2590008,0.674261217199595,blackdiamond
6.2790617,0.648184816534417,blackdiamond
6.2991226,0.867971622140915,blackdiamond
6.3191835,0.979727624991676,blackdiamond
6.3392444,1.13618602898274,blackdiamond
6.3593053,1.16971282983797,blackdiamond
6.3793662,1.37832403515939,blackdiamond
6.3994271,1.26284283221361,blackdiamond
6.419488,1.53850763924548,blackdiamond
6.4395489,1.31872083363899,blackdiamond
6.4596098,1.20696483078822,blackdiamond
6.4796707,0.990903225276752,blackdiamond
6.4997316,0.793467620240407,blackdiamond
6.5197925,0.82326922100061,blackdiamond
6.5398534,0.685436817484671,blackdiamond
6.5599143,0.67798641729462,blackdiamond
6.5799752,0.663085616914518,blackdiamond
6.6000361,0.651910016629442,blackdiamond
6.620097,0.648184816534417,blackdiamond
6.6401579,0.525253213398579,blackdiamond
6.6602188,0.666810817009544,blackdiamond
6.6802797,0.651910016629442,blackdiamond
6.7003406,0.566230414443858,blackdiamond
6.7204015,0.622108415869239,blackdiamond
6.7404624,0.58113121482396,blackdiamond
6.7605233,0.558780014253808,blackdiamond
6.7805842,0.637009216249341,blackdiamond
6.8006451,0.625833615964265,blackdiamond
6.820706,0.692887217674722,blackdiamond
6.8407669,0.651910016629442,blackdiamond
6.8608278,0.692887217674722,blackdiamond
6.8808887,0.696612417769747,blackdiamond
6.9009496,0.603482415394112,blackdiamond
6.9210105,0.741314818910051,blackdiamond
6.9410714,0.558780014253808,blackdiamond
6.9611323,0.648184816534417,blackdiamond
6.9811932,0.700337617864772,blackdiamond
7.0012541,0.771116419670254,blackdiamond
7.021315,0.845620421570762,blackdiamond
7.0413759,0.718963618339899,blackdiamond
7.0614368,0.730139218624975,blackdiamond
7.0814977,0.763666019480204,blackdiamond
7.1015586,0.72641401852995,blackdiamond
7.1216195,0.748765219100102,blackdiamond
7.1416804,0.610932815584163,blackdiamond
7.1617413,0.72641401852995,blackdiamond
7.1818022,0.655635216724468,blackdiamond
7.2018631,0.637009216249341,blackdiamond
7.221924,0.607207615489138,blackdiamond
7.2419849,0.648184816534417,blackdiamond
7.2620458,0.722688818434924,blackdiamond
7.2821067,0.663085616914518,blackdiamond
7.3021676,0.614658015679188,blackdiamond
7.3222285,0.607207615489138,blackdiamond
7.3422894,0.584856414918985,blackdiamond
7.3623503,0.666810817009544,blackdiamond
7.3824112,0.771116419670254,blackdiamond
7.4024721,0.87169682223594,blackdiamond
7.422533,0.841895221475737,blackdiamond
7.4425939,0.957376424421524,blackdiamond
7.4626548,0.987178025181727,blackdiamond
7.4827157,1.03188042632203,blackdiamond
7.5027766,1.04678122670213,blackdiamond
7.5228375,0.718963618339899,blackdiamond
7.5428984,0.782292019955331,blackdiamond
7.5629593,0.890322822711067,blackdiamond
7.5830202,0.651910016629442,blackdiamond
7.6030811,0.771116419670254,blackdiamond
7.623142,0.700337617864772,blackdiamond
7.6432029,0.681711617389645,blackdiamond
7.6632638,0.569955614538884,blackdiamond
7.6833247,0.637009216249341,blackdiamond
7.7033856,0.622108415869239,blackdiamond
7.7234465,0.666810817009544,blackdiamond
7.7435074,0.625833615964265,blackdiamond
7.7635683,0.670536017104569,blackdiamond
7.7836292,0.640734416344366,blackdiamond
7.8036901,0.692887217674722,blackdiamond
7.823751,0.569955614538884,blackdiamond
7.8438119,0.681711617389645,blackdiamond
7.8638728,0.644459616439391,blackdiamond
7.8839337,0.77484161976528,blackdiamond
7.9039946,0.82326922100061,blackdiamond
7.9240555,0.987178025181727,blackdiamond
7.9441164,1.06913242727229,blackdiamond
7.9641773,1.26656803230863,blackdiamond
7.9842382,1.32244603373401,blackdiamond
8.0042991,1.6577140422863,blackdiamond
8.02436,1.96318045007838,blackdiamond
8.0444209,1.87750084789279,blackdiamond
8.0644818,1.97435605036345,blackdiamond
8.0845427,2.01160805131371,blackdiamond
8.1046036,1.6577140422863,blackdiamond
8.1246645,1.43420203658477,blackdiamond
8.1447254,1.36714843487432,blackdiamond
8.1647863,0.983452825086701,blackdiamond
8.1848472,0.812093620715534,blackdiamond
8.2049081,0.853070821760813,blackdiamond
8.224969,0.72641401852995,blackdiamond
8.2450299,0.733864418720001,blackdiamond
8.2650908,0.778566819860305,blackdiamond
8.2851517,0.685436817484671,blackdiamond
8.3052126,0.763666019480204,blackdiamond
8.3252735,0.715238418244874,blackdiamond
8.3453344,0.666810817009544,blackdiamond
8.3653953,0.711513218149848,blackdiamond
8.3854562,0.685436817484671,blackdiamond
8.4055171,0.670536017104569,blackdiamond
8.425578,0.696612417769747,blackdiamond
8.4456389,0.670536017104569,blackdiamond
8.4656998,0.72641401852995,blackdiamond
8.4857607,0.644459616439391,blackdiamond
8.5058216,0.722688818434924,blackdiamond
8.5258825,0.771116419670254,blackdiamond
8.5459434,0.841895221475737,blackdiamond
8.5660043,0.793467620240407,blackdiamond
8.5860652,1.01697962594193,blackdiamond
8.6061261,1.00580402565685,blackdiamond
8.626187,0.990903225276752,blackdiamond
8.6462479,1.13618602898274,blackdiamond
8.6663088,0.957376424421524,blackdiamond
8.6863697,0.841895221475737,blackdiamond
8.7064306,0.912674023281219,blackdiamond
8.7264915,0.905223623091168,blackdiamond
8.7465524,0.834444821285686,blackdiamond
8.7666133,0.845620421570762,blackdiamond
8.7866742,0.771116419670254,blackdiamond
8.8067351,0.804643220525483,blackdiamond
8.826796,0.800918020430458,blackdiamond
8.8468569,0.841895221475737,blackdiamond
8.8669178,0.908948823186194,blackdiamond
8.8869787,0.938750423946397,blackdiamond
8.9070396,0.905223623091168,blackdiamond
8.9271005,0.856796021855838,blackdiamond
8.9471614,0.964826824611575,blackdiamond
8.9672223,0.72641401852995,blackdiamond
8.9872832,0.826994421095635,blackdiamond
9.0073441,0.741314818910051,blackdiamond
9.027405,0.704062817959798,blackdiamond
9.0474659,0.711513218149848,blackdiamond
9.0675268,0.566230414443858,blackdiamond
9.0875877,0.62955881605929,blackdiamond
9.1076486,0.614658015679188,blackdiamond
9.1277095,0.577406014728934,blackdiamond
9.1477704,0.737589618815026,blackdiamond
9.1678313,0.637009216249341,blackdiamond
9.1878922,0.722688818434924,blackdiamond
9.2079531,0.77484161976528,blackdiamond
9.228014,0.700337617864772,blackdiamond
9.2480749,0.715238418244874,blackdiamond
9.2681358,0.674261217199595,blackdiamond
9.2881967,0.715238418244874,blackdiamond
9.3082576,0.733864418720001,blackdiamond
9.3283185,0.569955614538884,blackdiamond
9.3483794,0.633284016154315,blackdiamond
9.3684403,0.648184816534417,blackdiamond
9.3885012,0.640734416344366,blackdiamond
9.4085621,0.62955881605929,blackdiamond
9.428623,0.596032015204061,blackdiamond
9.4486839,0.58113121482396,blackdiamond
9.4687448,0.573680814633909,blackdiamond
9.4888057,0.62955881605929,blackdiamond
9.5088666,0.700337617864772,blackdiamond
9.5289275,0.715238418244874,blackdiamond
9.5489884,0.644459616439391,blackdiamond
9.5690493,0.622108415869239,blackdiamond
9.5891102,0.733864418720001,blackdiamond
9.6091711,0.685436817484671,blackdiamond
9.629232,0.689162017579696,blackdiamond
9.6492929,0.692887217674722,blackdiamond
9.6693538,0.670536017104569,blackdiamond
9.6894147,0.700337617864772,blackdiamond
9.7094756,0.614658015679188,blackdiamond
9.7295365,0.644459616439391,blackdiamond
9.7495974,0.603482415394112,blackdiamond
9.7696583,0.584856414918985,blackdiamond
9.7897192,0.622108415869239,blackdiamond
9.8097801,0.610932815584163,blackdiamond
9.829841,0.558780014253808,blackdiamond
9.8499019,0.637009216249341,blackdiamond
9.8699628,0.659360416819493,blackdiamond
9.8900237,0.573680814633909,blackdiamond
9.9100846,0.67798641729462,blackdiamond
9.9301455,0.640734416344366,blackdiamond
9.9502064,0.596032015204061,blackdiamond
9.9702673,0.562505214348833,blackdiamond
9.9903282,0.633284016154315,blackdiamond
10.0103891,0.663085616914518,blackdiamond
10.03045,0.588581615014011,blackdiamond
10.0505109,0.62955881605929,blackdiamond
10.0705718,0.674261217199595,blackdiamond
10.0906327,0.573680814633909,blackdiamond
10.1106936,0.622108415869239,blackdiamond
10.1307545,0.599757215299087,blackdiamond
10.1508154,0.610932815584163,blackdiamond
10.1708763,0.555054814158782,blackdiamond
10.1909372,0.540154013778681,blackdiamond
10.2109981,0.67798641729462,blackdiamond
10.231059,0.592306815109036,blackdiamond
10.2511199,0.633284016154315,blackdiamond
10.2711808,0.584856414918985,blackdiamond
10.2912417,0.596032015204061,blackdiamond
10.3113026,0.53270361358863,blackdiamond
10.3313635,0.685436817484671,blackdiamond
10.3514244,0.681711617389645,blackdiamond
10.3714853,0.685436817484671,blackdiamond
10.3915462,0.637009216249341,blackdiamond
10.4116071,0.72641401852995,blackdiamond
10.431668,0.715238418244874,blackdiamond
10.4517289,0.782292019955331,blackdiamond
10.4717898,0.730139218624975,blackdiamond
10.4918507,0.648184816534417,blackdiamond
10.5119116,0.737589618815026,blackdiamond
10.5319725,0.72641401852995,blackdiamond
10.5520334,0.715238418244874,blackdiamond
10.5720943,0.778566819860305,blackdiamond
10.5921552,0.637009216249341,blackdiamond
10.6122161,0.651910016629442,blackdiamond
10.632277,0.666810817009544,blackdiamond
10.6523379,0.771116419670254,blackdiamond
10.6723988,0.711513218149848,blackdiamond
10.6924597,0.756215619290153,blackdiamond
10.7125206,0.670536017104569,blackdiamond
10.7325815,0.797192820335432,blackdiamond
10.7526424,0.651910016629442,blackdiamond
10.7727033,0.718963618339899,blackdiamond
10.7927642,0.782292019955331,blackdiamond
10.8128251,0.797192820335432,blackdiamond
10.832886,0.875422022330965,blackdiamond
10.8529469,0.797192820335432,blackdiamond
10.8730078,0.797192820335432,blackdiamond
10.8930687,0.745040019005077,blackdiamond
10.9131296,0.789742420145381,blackdiamond
10.9331905,0.681711617389645,blackdiamond
10.9532514,0.815818820810559,blackdiamond
10.9733123,0.763666019480204,blackdiamond
10.9933732,0.763666019480204,blackdiamond
11.0134341,0.756215619290153,blackdiamond
11.033495,0.830719621190661,blackdiamond
11.0535559,0.77484161976528,blackdiamond
11.0736168,0.834444821285686,blackdiamond
11.0936777,0.841895221475737,blackdiamond
11.1137386,0.886597622616041,blackdiamond
11.1337995,0.890322822711067,blackdiamond
11.1538604,0.961101624516549,blackdiamond
11.1739213,0.897773222901118,blackdiamond
11.1939822,0.901498422996143,blackdiamond
11.2140431,0.927574823661321,blackdiamond
11.234104,0.894048022806092,blackdiamond
11.2541649,0.927574823661321,blackdiamond
11.2742258,0.953651224326498,blackdiamond
11.2942867,0.987178025181727,blackdiamond
11.3143476,0.901498422996143,blackdiamond
11.3344085,1.00952922575188,blackdiamond
11.3544694,0.957376424421524,blackdiamond
11.3745303,0.957376424421524,blackdiamond
11.3945912,1.05050642679716,blackdiamond
11.4146521,0.9685520247066,blackdiamond
11.434713,0.9685520247066,blackdiamond
11.4547739,1.02070482603696,blackdiamond
11.4748348,1.06168202708223,blackdiamond
11.4948957,0.935025223851371,blackdiamond
11.5149566,1.11010962831756,blackdiamond
11.5350175,1.01697962594193,blackdiamond
11.5550784,1.12128522860264,blackdiamond
11.5751393,1.12873562879269,blackdiamond
11.5952002,1.11010962831756,blackdiamond
11.6152611,1.03933082651208,blackdiamond
11.635322,1.06913242727229,blackdiamond
11.6553829,1.24049163164345,blackdiamond
11.6754438,1.15853722955289,blackdiamond
11.6955047,1.17716323002802,blackdiamond
11.7155656,1.06540722717726,blackdiamond
11.7356265,1.30382003325888,blackdiamond
11.7556874,1.34107203420914,blackdiamond
11.7757483,1.20696483078822,blackdiamond
11.7958092,1.22559083126335,blackdiamond
11.8158701,1.25166723192853,blackdiamond
11.835931,1.29636963306883,blackdiamond
11.8559919,1.18461363021807,blackdiamond
11.8760528,1.42675163639472,blackdiamond
11.8961137,1.15853722955289,blackdiamond
11.9161746,1.34107203420914,blackdiamond
11.9362355,1.44165243677482,blackdiamond
11.9562964,1.26656803230863,blackdiamond
11.9763573,1.43047683648975,blackdiamond
11.9964182,1.47145403753503,blackdiamond
12.0164791,1.38949963544447,blackdiamond
12.03654,1.41930123620467,blackdiamond
12.0566009,1.57575964019574,blackdiamond
12.0766618,1.44165243677482,blackdiamond
12.0967227,1.57948484029076,blackdiamond
12.1167836,1.48635483791513,blackdiamond
12.1368445,1.60183604086092,blackdiamond
12.1569054,1.60928644105097,blackdiamond
12.1769663,1.57948484029076,blackdiamond
12.1970272,1.59438564067086,blackdiamond
12.2170881,1.66888964257137,blackdiamond
12.237149,1.83652364684751,blackdiamond
12.2572099,1.73594324428183,blackdiamond
12.2772708,1.69869124333158,blackdiamond
12.2973317,1.78064564542213,blackdiamond
12.3173926,2.09728765349929,blackdiamond
12.3374535,1.85887484741767,blackdiamond
12.3575144,1.91102764874802,blackdiamond
12.3775753,1.907302448653,blackdiamond
12.3976362,1.97435605036345,blackdiamond
12.4176971,2.05258525235899,blackdiamond
12.437758,1.95573004988833,blackdiamond
12.4578189,2.05258525235899,blackdiamond
12.4778798,2.08983725330924,blackdiamond
12.4979407,2.11591365397442,blackdiamond
12.5180016,2.22021925663513,blackdiamond
12.5380625,2.09356245340427,blackdiamond
12.5581234,2.26492165777543,blackdiamond
12.5781843,2.11591365397442,blackdiamond
12.5982452,2.31707445910579,blackdiamond
12.6183061,2.30962405891574,blackdiamond
12.638367,2.30217365872569,blackdiamond
12.6584279,2.33570045958092,blackdiamond
12.6784888,2.28727285834559,blackdiamond
12.6985497,2.6262660669929,blackdiamond
12.7186106,2.53313606461726,blackdiamond
12.7386715,2.68959446860833,blackdiamond
12.7587324,2.64489206746802,blackdiamond
12.7787933,2.58528886594762,blackdiamond
12.7988542,2.49215886357198,blackdiamond
12.8189151,2.71194566917848,blackdiamond
12.838976,2.7007700688934,blackdiamond
12.8590369,2.75292287022376,blackdiamond
12.8790978,2.85350327278944,blackdiamond
12.8991587,2.88703007364467,blackdiamond
12.9192196,2.9056560741198,blackdiamond
12.9392805,3.02858767725564,blackdiamond
12.9593414,3.27445088352731,blackdiamond
12.9794023,3.16642008077158,blackdiamond
12.9994632,3.22602328229198,blackdiamond
13.0195241,3.41228328704325,blackdiamond
13.039585,3.40110768675818,blackdiamond
13.0596459,3.32660368485767,blackdiamond
13.0797068,3.49796288922884,blackdiamond
13.0997677,3.46071088827858,blackdiamond
13.1198286,3.41228328704325,blackdiamond
13.1398895,3.31915328466762,blackdiamond
13.1599504,3.50913848951391,blackdiamond
13.1800113,3.66559689350498,blackdiamond
13.2000722,3.63207009264975,blackdiamond
13.2201331,3.60599369198457,blackdiamond
13.240194,3.86675769863635,blackdiamond
13.2602549,4.06046810357767,blackdiamond
13.2803158,3.91518529987168,blackdiamond
13.3003767,3.93008610025178,blackdiamond
13.3204376,3.87048289873137,blackdiamond
13.3404985,4.16477370623838,blackdiamond
13.3605594,4.07164370386274,blackdiamond
13.3806203,4.28398010927919,blackdiamond
13.4006812,4.00831530224731,blackdiamond
13.4207421,4.47024011403046,blackdiamond
13.440803,4.08654450424285,blackdiamond
13.4608639,4.29143050946924,blackdiamond
13.4809248,4.44043851327026,blackdiamond
13.5009857,4.22810210785381,blackdiamond
13.5210466,4.42553771289016,blackdiamond
13.5411075,4.61924811783148,blackdiamond
13.5611684,4.55591971621604,blackdiamond
13.5812293,4.58199611688122,blackdiamond
13.6012902,4.3733849115598,blackdiamond
13.6213511,4.58199611688122,blackdiamond
13.641412,4.55591971621604,blackdiamond
13.6614729,4.44043851327026,blackdiamond
13.6815338,4.79433252229767,blackdiamond
13.7015947,4.71610332030214,blackdiamond
13.7216556,4.77570652182254,blackdiamond
13.7417165,5.19292893246539,blackdiamond
13.7617774,5.08489812970965,blackdiamond
13.7818383,4.95824132647879,blackdiamond
13.8018992,5.33076133598132,blackdiamond
13.8219601,5.3419369362664,blackdiamond
13.842021,5.3270361358863,blackdiamond
13.8620819,5.47604413968731,blackdiamond
13.8821428,5.49839534025747,blackdiamond
13.9022037,5.42761653845198,blackdiamond
13.9222646,5.37546373712163,blackdiamond
13.9423255,5.74053334643412,blackdiamond
13.9623864,5.75170894671919,blackdiamond
13.9824473,5.78523574757442,blackdiamond
14.0025082,5.81503734833462,blackdiamond
14.0225691,5.55799854177787,blackdiamond
14.04263,6.31421416106803,blackdiamond
14.0626909,6.3253897613531,blackdiamond
14.0827518,6.34401576182823,blackdiamond
14.1028127,6.34774096192325,blackdiamond
14.1228736,6.33284016154315,blackdiamond
14.1429345,6.60477976848001,blackdiamond
14.1629954,6.29931336068792,blackdiamond
14.1830563,6.33284016154315,blackdiamond
14.2031172,6.41851976372874,blackdiamond
14.2231781,6.65693256981036,blackdiamond
14.243239,6.61595536876508,blackdiamond
14.2632999,6.65320736971534,blackdiamond
14.2833608,6.80221537351635,blackdiamond
14.3034217,6.76868857266112,blackdiamond
14.3234826,6.98847537826762,blackdiamond
14.3435435,7.14493378225869,blackdiamond
14.3636044,7.19708658358904,blackdiamond
14.3836653,7.34609458739006,blackdiamond
14.4037262,7.36844578796021,blackdiamond
14.4237871,7.5435301924264,blackdiamond
14.443848,7.62548459451696,blackdiamond
14.4639089,7.49510259119107,blackdiamond
14.4839698,7.62920979461199,blackdiamond
14.5040307,7.78939339869808,blackdiamond
14.5240916,7.78194299850803,blackdiamond
14.5441525,7.46530099043087,blackdiamond
14.5642134,8.00918020430458,blackdiamond
14.5842743,8.21034100943595,blackdiamond
14.6043352,8.0129054043996,blackdiamond
14.6243961,8.2475930103862,blackdiamond
14.644457,8.21034100943595,blackdiamond
14.6645179,7.9682030032593,blackdiamond
14.6845788,8.18426460877077,blackdiamond
14.7046397,8.48973101656285,blackdiamond
14.7247006,8.31092141200163,blackdiamond
14.7447615,8.65363982074397,blackdiamond
14.7648224,8.53815861779818,blackdiamond
14.7848833,8.73931942292955,blackdiamond
14.8049442,8.93302982787087,blackdiamond
14.8250051,8.88832742673057,blackdiamond
14.845066,8.83617462540021,blackdiamond
14.8651269,8.92930462777585,blackdiamond
14.8851878,9.4508326410794,blackdiamond
14.9052487,9.10811423233706,blackdiamond
14.9253096,9.69669584735107,blackdiamond
14.9453705,9.87550545191229,blackdiamond
14.9654314,9.62219184545057,blackdiamond
14.9854923,9.75257384877646,blackdiamond
15.0055532,10.0952922575188,blackdiamond
15.0256141,9.84570385115209,blackdiamond
15.045675,10.415659465691,blackdiamond
15.0657359,10.2293994609397,blackdiamond
15.0857968,10.4268350659761,blackdiamond
15.1058577,10.4119342655959,blackdiamond
15.1259186,10.6913242727229,blackdiamond
15.1459795,10.4417358663562,blackdiamond
15.1660404,10.6466218715825,blackdiamond
15.1861013,10.8999354780443,blackdiamond
15.2061622,10.4529114666412,blackdiamond
15.2262231,10.9744394799448,blackdiamond
15.246284,11.5332194941986,blackdiamond
15.2663449,11.5332194941986,blackdiamond
15.2864058,11.3953870906827,blackdiamond
15.3064667,11.4028374908727,blackdiamond
15.3265276,11.8386859019907,blackdiamond
15.3465885,11.8535867023708,blackdiamond
15.3666494,12.039846707122,blackdiamond
15.3867103,12.0435719072171,blackdiamond
15.4067712,11.6710518977145,blackdiamond
15.4268321,12.2112059114932,blackdiamond
15.446893,12.1963051111131,blackdiamond
15.4669539,12.1404271096877,blackdiamond
15.4870148,11.7977087009454,blackdiamond
15.5070757,12.2521831125385,blackdiamond
15.5271366,12.4309927170997,blackdiamond
15.5471975,12.8258639271724,blackdiamond
15.5672584,12.7327339247968,blackdiamond
15.5873193,12.5688251206156,blackdiamond
15.6073802,12.7550851253669,blackdiamond
15.6274411,12.6507795227062,blackdiamond
15.647502,12.7550851253669,blackdiamond
15.6675629,13.1052539342993,blackdiamond
15.6876238,13.0307499323988,blackdiamond
15.7076847,12.9450703302132,blackdiamond
15.7277456,13.1052539342993,blackdiamond
15.7478065,13.0270247323038,blackdiamond
15.7678674,13.6901103492183,blackdiamond
15.7879283,13.4367967427566,blackdiamond
15.8079892,13.645407948078,blackdiamond
15.8280501,13.7571639509287,blackdiamond
15.848111,13.7459883506437,blackdiamond
15.8681719,14.2600659637572,blackdiamond
15.8882328,14.0998823596711,blackdiamond
15.9082937,13.8130419523541,blackdiamond
15.9283546,14.2004627622368,blackdiamond
15.9484155,14.4202495678433,blackdiamond
15.9684764,14.2675163639472,blackdiamond
15.9885373,14.535730770789,blackdiamond
16.0085982,14.524555170504,blackdiamond
16.0286591,14.4910283696487,blackdiamond
16.04872,14.8113955778209,blackdiamond
16.0687809,15.5042827954956,blackdiamond
16.0888418,15.0349075835225,blackdiamond
16.1089027,15.5117331956857,blackdiamond
16.1289636,15.120587185708,blackdiamond
16.1490245,15.1615643867533,blackdiamond
16.1690854,15.3552747916946,blackdiamond
16.1891463,15.7724972023375,blackdiamond
16.2092072,15.2546943891289,blackdiamond
16.2292681,15.4819315949255,blackdiamond
16.249329,15.5713363972061,blackdiamond
16.2693899,15.4968323953056,blackdiamond
16.2894508,15.5676111971111,blackdiamond
16.3095117,15.6830924000569,blackdiamond
16.3295726,16.0779636101296,blackdiamond
16.3496335,15.9587572070887,blackdiamond
16.3696944,15.6830924000569,blackdiamond
16.3897553,16.8677060302749,blackdiamond
16.4098162,16.1673684124102,blackdiamond
16.4298771,16.4169568187769,blackdiamond
16.449938,16.2791244152609,blackdiamond
16.4699989,16.0295360088942,blackdiamond
16.4900598,15.8358256039529,blackdiamond
16.5101207,16.3946056182067,blackdiamond
16.5301816,16.9571108325555,blackdiamond
16.5502425,17.2812032408228,blackdiamond
16.5703034,16.6441940245734,blackdiamond
16.5903643,16.7596752275192,blackdiamond
16.6104252,17.3557072427233,blackdiamond
16.6304861,17.1135692365466,blackdiamond
16.650547,17.3929592436735,blackdiamond
16.6706079,17.2700276405377,blackdiamond
16.6906688,17.7990060540313,blackdiamond
16.7107297,17.4004096438636,blackdiamond
16.7307906,17.7878304537462,blackdiamond
16.7508515,18.342885267905,blackdiamond
16.7709124,18.5291452726563,blackdiamond
16.7909733,18.3577860682851,blackdiamond
16.8110342,18.201327664294,blackdiamond
16.8310951,18.6036492745568,blackdiamond
16.851156,18.935192083014,blackdiamond
16.8712169,18.346610468,blackdiamond
16.8912778,18.5999240744617,blackdiamond
16.9113387,18.7191304775026,blackdiamond
16.9313996,19.1177268876703,blackdiamond
16.9514605,19.2630096913763,blackdiamond
16.9715214,18.7973596794981,blackdiamond
16.9915823,19.4231932954624,blackdiamond
17.0116432,19.3859412945121,blackdiamond
17.0317041,19.3486892935618,blackdiamond
17.051765,19.2928112921365,blackdiamond
17.0718259,19.4343688957474,blackdiamond
17.0918868,20.4289973211192,blackdiamond
17.1119477,20.4438981214993,blackdiamond
17.1320086,19.9745229095261,blackdiamond
17.1520695,20.2241113158928,blackdiamond
17.1721304,20.8946473329974,blackdiamond
17.1921913,20.7419141291013,blackdiamond
17.2122522,21.5428321495318,blackdiamond
17.2323131,20.9989529356581,blackdiamond
17.252374,21.3863737455407,blackdiamond
17.2724349,21.6620385525726,blackdiamond
17.2924958,21.9004513586542,blackdiamond
17.3125567,22.2655209679667,blackdiamond
17.3326176,22.161215365306,blackdiamond
17.3526785,22.0569097626453,blackdiamond
17.3727394,22.7758733809852,blackdiamond
17.3928003,22.8541025829807,blackdiamond
17.4128612,22.9919349864967,blackdiamond
17.4329221,23.0701641884922,blackdiamond
17.452983,23.6959978044565,blackdiamond
17.4730439,23.8301050078774,blackdiamond
17.4931048,23.7257994052167,blackdiamond
17.5131657,24.0983194147192,blackdiamond
17.5332266,24.21007541757,blackdiamond
17.5532875,25.1451006414213,blackdiamond
17.5733484,25.3537118467428,blackdiamond
17.5934093,25.383513447503,blackdiamond
17.6134702,25.4617426494985,blackdiamond
17.6335311,25.6703538548199,blackdiamond
17.653592,25.826812258811,blackdiamond
17.6736529,25.7336822564354,blackdiamond
17.6937138,26.273836270214,blackdiamond
17.7137747,26.2440346694538,blackdiamond
17.7338356,26.9592730876987,blackdiamond
17.7538965,27.741565107654,blackdiamond
17.7739574,27.6633359056585,blackdiamond
17.7940183,27.9762527136406,blackdiamond
17.8140792,27.9613519132605,blackdiamond
17.8341401,28.4270019251387,blackdiamond
17.854201,28.8889267369219,blackdiamond
17.8742619,28.2891695216228,blackdiamond
17.8943228,29.0081331399627,blackdiamond
17.9143837,28.7995219346412,blackdiamond
17.9344446,29.2651719465194,blackdiamond
17.9545055,30.3305791736967,blackdiamond
17.9745664,30.1778459698006,blackdiamond
17.9946273,31.112871193652,blackdiamond
18.0146882,31.6865520082859,blackdiamond
18.0347491,31.1799247953625,blackdiamond
18.05481,31.8802624132272,blackdiamond
18.0748709,32.3608132254855,blackdiamond
18.0949318,32.9307688400244,blackdiamond
18.1149927,33.5677780562737,blackdiamond
18.1350536,33.9700996665365,blackdiamond
18.1551145,33.746587660835,blackdiamond
18.1751754,34.8529720890575,blackdiamond
18.1952363,35.1919652977048,blackdiamond
18.2152972,35.7134933110084,blackdiamond
18.2353581,35.8215241137641,blackdiamond
18.255419,36.3691285277328,blackdiamond
18.2754799,37.3339553523444,blackdiamond
18.2955408,38.1348733727749,blackdiamond
18.3156017,38.3211333775261,blackdiamond
18.3356626,39.4237926056536,blackdiamond
18.3557235,39.8521906165816,blackdiamond
18.3757844,41.1671862501255,blackdiamond
18.3958453,42.5790370861401,blackdiamond
18.4159062,42.5157086845247,blackdiamond
18.4359671,43.9461855210145,blackdiamond
18.456028,46.5351995870571,blackdiamond
18.4760889,47.2467128052069,blackdiamond
18.4961498,48.569158838941,blackdiamond
18.5162107,51.3891353108752,blackdiamond
18.5362716,53.3560409610486,blackdiamond
18.5563325,54.4288985884159,blackdiamond
18.5763934,58.0013654795452,blackdiamond
18.5964543,59.6777055223067,blackdiamond
18.6165152,63.9058076301605,blackdiamond
18.6365761,66.044072484705,blackdiamond
18.656637,70.6558702023465,blackdiamond
18.6766979,74.3624442968967,blackdiamond
18.6967588,77.2345735701613,blackdiamond
18.7168197,81.7830428861873,blackdiamond
18.7368806,85.701953386154,blackdiamond
18.7569415,88.9801294697763,blackdiamond
18.7770024,93.778187192169,blackdiamond
18.7970633,97.5145628874795,blackdiamond
18.8171242,101.455824588016,blackdiamond
18.8371851,103.556837441611,blackdiamond
18.857246,108.746041173981,blackdiamond
18.8773069,111.916186454848,blackdiamond
18.8973678,114.829292929157,blackdiamond
18.9174287,115.458851745217,blackdiamond
18.9374896,118.506065422948,blackdiamond
18.9575505,120.540024674831,blackdiamond
18.9776114,121.359568695737,blackdiamond
18.9976723,123.24451994382,blackdiamond
19.0177332,121.992852711891,blackdiamond
19.0377941,122.234990718068,blackdiamond
19.057855,120.681582278442,blackdiamond
19.0779159,121.84384470809,blackdiamond
19.0979768,118.766829429599,blackdiamond
19.1180377,116.304472166788,blackdiamond
19.1380986,112.921990480504,blackdiamond
19.1581595,109.975357205339,blackdiamond
19.1782204,107.214983934926,blackdiamond
19.1982813,103.150790631253,blackdiamond
19.2183422,97.9429608984074,blackdiamond
19.2384031,94.951625222102,blackdiamond
19.258464,91.0289895220403,blackdiamond
19.2785249,87.0020482193178,blackdiamond
19.2985858,81.3285684745942,blackdiamond
19.3186467,77.8082543847952,blackdiamond
19.3387076,74.1724590920504,blackdiamond
19.3587685,70.9538862099485,blackdiamond
19.3788294,67.0200749096017,blackdiamond
19.3988903,63.5221120203729,blackdiamond
19.4189512,59.3573383141345,blackdiamond
19.4390121,57.2712262609203,blackdiamond
19.459073,54.2463637837596,blackdiamond
19.4791339,52.0522209277897,blackdiamond
19.4991948,49.4892832624122,blackdiamond
19.5192557,46.7438107923785,blackdiamond
19.5393166,45.3729371574092,blackdiamond
19.5593775,43.1340919002989,blackdiamond
19.5794384,42.8099994920317,blackdiamond
19.5994993,42.0463334725515,blackdiamond
19.6195602,40.3662682296951,blackdiamond
19.6396211,40.1055042230433,blackdiamond
19.659682,38.596798184558,blackdiamond
19.6797429,37.7809793637474,blackdiamond
19.6998038,37.2184741493986,blackdiamond
19.7198647,36.7528241375204,blackdiamond
19.7399256,35.6501649093929,blackdiamond
19.7599865,35.4005765030262,blackdiamond
19.7800474,33.8583436636857,blackdiamond
19.8001083,34.2606652739485,blackdiamond
19.8201692,33.3442660505722,blackdiamond
19.8402301,33.9253972653962,blackdiamond
19.860291,33.8210916627355,blackdiamond
19.8803519,33.5938544569389,blackdiamond
19.9004128,32.9419444403095,blackdiamond
19.9204737,33.5454268557036,blackdiamond
19.9405346,33.6311064578892,blackdiamond
19.9605955,34.1824360719529,blackdiamond
19.9806564,35.0243312934287,blackdiamond
20.0007173,35.8774021151895,blackdiamond
20.0207782,37.7660785633673,blackdiamond
20.0408391,38.0789953713495,blackdiamond
20.0609,40.3662682296951,blackdiamond
20.0809609,41.4726526579176,blackdiamond
20.1010218,43.2234967025795,blackdiamond
20.1210827,44.1436211260508,blackdiamond
20.1411436,45.4474411593097,blackdiamond
20.1612045,46.4904971859168,blackdiamond
20.1812654,47.6155076146145,blackdiamond
20.2013263,47.3882704088179,blackdiamond
20.2213872,47.0306511996955,blackdiamond
20.2414481,46.7512611925686,blackdiamond
20.261509,45.6001743632057,blackdiamond
20.2815699,43.733849115598,blackdiamond
20.3016308,41.9383026697958,blackdiamond
20.3216917,39.9862978200025,blackdiamond
20.3417526,38.015666969734,blackdiamond
20.3618135,36.5106861313438,blackdiamond
20.3818744,34.2494896736634,blackdiamond
20.4019353,33.2548612482916,blackdiamond
20.4219962,31.7945828110417,blackdiamond
20.4420571,30.6956487830092,blackdiamond
20.462118,30.6136943809186,blackdiamond
20.4821789,29.0416599408179,blackdiamond
20.5022398,28.6281627302701,blackdiamond
20.5223007,28.7771707340711,blackdiamond
20.5423616,28.1476119180118,blackdiamond
20.5624225,29.5706383543115,blackdiamond
20.5824834,28.5424831280845,blackdiamond
20.6025443,28.9895071394875,blackdiamond
20.6226052,29.2241947454741,blackdiamond
20.6426661,29.2465459460443,blackdiamond
20.662727,29.5110351527911,blackdiamond
20.6827879,30.3976327754071,blackdiamond
20.7028488,30.7627023847196,blackdiamond
20.7229097,30.7403511841495,blackdiamond
20.7429706,30.9862143904211,blackdiamond
20.7630315,31.261879197453,blackdiamond
20.7830924,32.3570880253905,blackdiamond
20.8031533,32.9978224417349,blackdiamond
20.8232142,33.4895488542782,blackdiamond
20.8432751,35.2441180990352,blackdiamond
20.863336,35.653890109488,blackdiamond
20.8833969,36.3542277273527,blackdiamond
20.9034578,38.4850421817072,blackdiamond
20.9235187,39.9862978200025,blackdiamond
20.9435796,42.2102422767326,blackdiamond
20.9636405,44.2442015286165,blackdiamond
20.9837014,46.4383443845864,blackdiamond
21.0037623,48.6436628408415,blackdiamond
21.0238232,50.3833312852183,blackdiamond
21.0438841,52.6147261421385,blackdiamond
21.063945,54.3879213873706,blackdiamond
21.0840059,56.2356206345032,blackdiamond
21.1040668,58.6868022970299,blackdiamond
21.1241277,59.6590795218315,blackdiamond
21.1441886,61.5254047694392,blackdiamond
21.1642495,62.6988427993722,blackdiamond
21.1843104,62.0692839833129,blackdiamond
21.2043713,61.9389019799871,blackdiamond
21.2244322,61.0411287570859,blackdiamond
21.2444931,60.0800271325694,blackdiamond
21.264554,58.69425269722,blackdiamond
21.2846149,56.6118658441008,blackdiamond
21.3046758,55.039831404,blackdiamond
21.3247367,53.3187889600983,blackdiamond
21.3447976,50.7297748940557,blackdiamond
21.3648585,48.6697392415066,blackdiamond
21.3849194,47.4553240105284,blackdiamond
21.4049803,45.8311367690973,blackdiamond
21.4250412,44.4267363332727,blackdiamond
21.4451021,43.0186106973531,blackdiamond
21.465163,42.6386402876606,blackdiamond
21.4852239,40.5897802353966,blackdiamond
21.5052848,40.4593982320707,blackdiamond
21.5253457,40.1688326246587,blackdiamond
21.5454066,38.8650125913998,blackdiamond
21.5654675,38.7681573889292,blackdiamond
21.5855284,37.1774969483533,blackdiamond
21.6055893,36.689495735905,blackdiamond
21.6256502,36.4771593304886,blackdiamond
21.6457111,35.0429572939038,blackdiamond
21.665772,34.7002388851615,blackdiamond
21.6858329,33.9887256670116,blackdiamond
21.7058938,33.5566024559887,blackdiamond
21.7259547,32.2676832231099,blackdiamond
21.7460156,32.2267060220646,blackdiamond
21.7660765,31.5040172036297,blackdiamond
21.7861374,31.0867947929868,blackdiamond
21.8061983,30.524289578638,blackdiamond
21.8262592,29.4328059507956,blackdiamond
21.8463201,29.6041651551667,blackdiamond
21.866381,29.8127763604882,blackdiamond
21.8864419,28.5462083281795,blackdiamond
21.9065028,28.5350327278944,blackdiamond
21.9265637,28.4530783258039,blackdiamond
21.9466246,27.9315503125003,blackdiamond
21.9666855,26.7916390834226,blackdiamond
21.9867464,26.6016538785763,blackdiamond
22.0068073,26.5010734760106,blackdiamond
22.0268682,26.5308750767708,blackdiamond
22.0469291,26.2254086689787,blackdiamond
22.06699,26.6202798790514,blackdiamond
22.0870509,25.9050414608065,blackdiamond
22.1071118,25.3686126471229,blackdiamond
22.1271727,25.387238647598,blackdiamond
22.1472336,25.7336822564354,blackdiamond
22.1672945,25.0072682379054,blackdiamond
22.1873554,24.9066878353397,blackdiamond
22.2074163,24.8210082331541,blackdiamond
22.2274772,24.6794506295432,blackdiamond
22.2475381,24.4559386238416,blackdiamond
22.267599,24.1728234166197,blackdiamond
22.2876599,24.3777094218461,blackdiamond
22.3077208,24.3367322208008,blackdiamond
22.3277817,24.0349910131038,blackdiamond
22.3478426,24.0238154128187,blackdiamond
22.3679035,23.3793557963793,blackdiamond
22.3879644,23.2415233928634,blackdiamond
22.4080253,23.5991426019858,blackdiamond
22.4280862,23.9679374113933,blackdiamond
22.4481471,23.3048517944788,blackdiamond
22.468208,23.8375554080674,blackdiamond
22.4882689,22.9248813847862,blackdiamond
22.5083298,22.9174309845962,blackdiamond
22.5283907,23.4203329974246,blackdiamond
22.5484516,22.5598117754737,blackdiamond
22.5685125,22.9919349864967,blackdiamond
22.5885734,23.338378595334,blackdiamond
22.6086343,23.5358142003704,blackdiamond
22.6286952,23.5320890002754,blackdiamond
22.6487561,23.4128825972345,blackdiamond
22.668817,23.7369750055017,blackdiamond
22.6888779,23.9865634118684,blackdiamond
22.7089388,23.777952206547,blackdiamond
22.7289997,24.1877242169998,blackdiamond
22.7490606,24.2585030188053,blackdiamond
22.7691215,23.8710822089227,blackdiamond
22.7891824,24.2324266181401,blackdiamond
22.8092433,23.5097377997052,blackdiamond
22.8293042,23.0664389883972,blackdiamond
22.8493651,23.0291869874469,blackdiamond
22.869426,23.2377981927683,blackdiamond
22.8894869,22.4890329736682,blackdiamond
22.9095478,22.6454913776593,blackdiamond
22.9296087,22.4406053724329,blackdiamond
22.9496696,21.6210613515273,blackdiamond
22.9697305,21.870649757894,blackdiamond
22.9897914,21.3267705440203,blackdiamond
23.0098523,21.6359621519074,blackdiamond
23.0299132,21.5502825497218,blackdiamond
23.0499741,21.565183350102,blackdiamond
23.070035,21.4906793482014,blackdiamond
23.0900959,21.568908550197,blackdiamond
23.1101568,21.3193201438303,blackdiamond
23.1302177,21.2559917422148,blackdiamond
23.1502786,21.4534273472512,blackdiamond
23.1703395,21.3900989456358,blackdiamond
23.1904004,21.8520237574189,blackdiamond
23.2104613,21.5018549484865,blackdiamond
23.2305222,21.7402677545681,blackdiamond
23.2505831,21.5428321495318,blackdiamond
23.270644,21.7737945554234,blackdiamond
23.2907049,21.5167557488666,blackdiamond
23.3107658,20.8126929309068,blackdiamond
23.3308267,21.1889381405044,blackdiamond
23.3508876,21.3379461443054,blackdiamond
23.3709485,20.7605401295765,blackdiamond
23.3910094,21.0473805368934,blackdiamond
23.4110703,20.9468001343277,blackdiamond
23.4311312,20.7493645292914,blackdiamond
23.4511921,21.0846325378437,blackdiamond
23.471253,20.8760213325223,blackdiamond
23.4913139,20.2799893173182,blackdiamond
23.5113748,20.9318993339476,blackdiamond
23.5314357,20.3693941195988,blackdiamond
23.5514966,21.1852129404094,blackdiamond
23.5715575,20.8164181310018,blackdiamond
23.5916184,20.835044131477,blackdiamond
23.6116793,21.0138537360382,blackdiamond
23.6317402,20.8983725330924,blackdiamond
23.6518011,21.1926633405994,blackdiamond
23.671862,21.0846325378437,blackdiamond
23.6919229,21.8743749579891,blackdiamond
23.7119838,22.1463145649259,blackdiamond
23.7320447,22.3549257702473,blackdiamond
23.7521056,22.74979698032,blackdiamond
23.7721665,23.6699214037913,blackdiamond
23.7922274,23.1223169898226,blackdiamond
23.8122883,23.2825005939087,blackdiamond
23.8323492,23.330928195144,blackdiamond
23.8524101,23.5395394004654,blackdiamond
23.872471,23.1632941908678,blackdiamond
23.8925319,22.7609725806051,blackdiamond
23.9125928,23.189370591533,blackdiamond
23.9326537,22.4331549722429,blackdiamond
23.9527146,22.2841469684418,blackdiamond
23.9727755,21.6508629522875,blackdiamond
23.9928364,21.4087249461109,blackdiamond
24.0128973,21.3826485454457,blackdiamond
24.0329582,20.6264329261556,blackdiamond
24.0530191,20.5817305250152,blackdiamond
24.07308,20.3470429190286,blackdiamond
24.0931409,19.4641704965076,blackdiamond
24.1132018,19.9409961086709,blackdiamond
24.1332627,20.4103713206441,blackdiamond
24.1533236,20.1272561134221,blackdiamond
24.1733845,19.9111945079107,blackdiamond
24.1934454,20.0825537122818,blackdiamond
24.2135063,19.810614105345,blackdiamond
24.2335672,20.1421569138023,blackdiamond
24.2536281,19.963347309241,blackdiamond
24.273689,20.0117749104764,blackdiamond
24.2937499,20.1943097151326,blackdiamond
24.3138108,20.1980349152276,blackdiamond
24.3338717,19.4902468971728,blackdiamond
24.3539326,19.9409961086709,blackdiamond
24.3739935,19.6169037004037,blackdiamond
24.3940544,19.6355297008788,blackdiamond
24.4141153,19.4567200963176,blackdiamond
24.4341762,19.371040494132,blackdiamond
24.4542371,19.6802321020191,blackdiamond
24.474298,19.084200086815,blackdiamond
24.4943589,19.3412388933718,blackdiamond
24.5144198,18.778733679023,blackdiamond
24.5344807,19.1922308895708,blackdiamond
24.5545416,19.4157428952723,blackdiamond
24.5746025,19.1028260872902,blackdiamond
24.5946634,18.9202912826339,blackdiamond
24.6147243,19.0469480858648,blackdiamond
24.6347852,18.9091156823489,blackdiamond
24.6548461,19.1736048890957,blackdiamond
24.674907,18.5403208729413,blackdiamond
24.6949679,18.924016482729,blackdiamond
24.7150288,18.8085352797832,blackdiamond
24.7350897,17.9740904584975,blackdiamond
24.7551506,18.3652364684751,blackdiamond
24.7752115,18.3242592674299,blackdiamond
24.7952724,17.899586456597,blackdiamond
24.8153333,18.3987632693304,blackdiamond
24.8353942,18.2534804656244,blackdiamond
24.8554551,18.1193732622035,blackdiamond
24.875516,18.1640756633438,blackdiamond
24.8955769,18.5365956728463,blackdiamond
24.9156378,18.2236788648642,blackdiamond
24.9356987,17.6499980502303,blackdiamond
24.9557596,18.2199536647692,blackdiamond
24.9758205,18.5663972736065,blackdiamond
24.9958814,18.5365956728463,blackdiamond
25.0159423,18.4769924713259,blackdiamond
25.0360032,18.1193732622035,blackdiamond
25.0560641,18.1342740625836,blackdiamond
25.076125,18.644626475602,blackdiamond
25.0961859,18.3317096676199,blackdiamond
25.1162468,18.5067940720861,blackdiamond
25.1363077,18.8159856799732,blackdiamond
25.1563686,18.8308864803533,blackdiamond
25.1764295,18.6222752750319,blackdiamond
25.1964904,18.4509160706607,blackdiamond
25.2165513,18.4546412707558,blackdiamond
25.2366122,18.7973596794981,blackdiamond
25.2566731,18.4434656704707,blackdiamond
25.276734,18.5552216733214,blackdiamond
25.2967949,18.6707028762672,blackdiamond
25.3168558,18.3168088672398,blackdiamond
25.3369167,18.1678008634388,blackdiamond
25.3569776,18.0672204608731,blackdiamond
25.3770385,18.2646560659095,blackdiamond
25.3970994,17.7654792531761,blackdiamond
25.4171603,17.2365008396825,blackdiamond
25.4372212,17.5643184480447,blackdiamond
25.4572821,17.8027312541263,blackdiamond
25.477343,17.311004841583,blackdiamond
25.4974039,17.471188445669,blackdiamond
25.5174648,17.2141496391123,blackdiamond
25.5375257,17.3296308420581,blackdiamond
25.5575866,17.0353400345511,blackdiamond
25.5776475,17.020439234171,blackdiamond
25.5977084,17.024164434266,blackdiamond
25.6177693,16.290300015546,blackdiamond
25.6378302,17.0949432360715,blackdiamond
25.6578911,16.8602556300849,blackdiamond
25.677952,16.9459352322705,blackdiamond
25.6980129,16.3946056182067,blackdiamond
25.7180738,16.2977504157361,blackdiamond
25.7381347,16.5063616210575,blackdiamond
25.7581956,16.4989112208674,blackdiamond
25.7782565,16.6665452251436,blackdiamond
25.7983174,16.5547892222928,blackdiamond
25.8183783,16.1897196129803,blackdiamond
25.8384392,16.3834300179216,blackdiamond
25.8585001,16.3983308183017,blackdiamond
25.878561,16.6106672237182,blackdiamond
25.8986219,16.0258108087992,blackdiamond
25.9186828,16.1859944128853,blackdiamond
25.9387437,16.4728348202022,blackdiamond
25.9588046,16.282849615356,blackdiamond
25.9788655,16.0146352085141,blackdiamond
25.9989264,16.2977504157361,blackdiamond
26.0189873,16.0444368092743,blackdiamond
26.0390482,16.3312772165913,blackdiamond
26.0591091,15.9289556063285,blackdiamond
26.07917,16.4467584195371,blackdiamond
26.0992309,16.2530480145958,blackdiamond
26.1192918,15.8879784052833,blackdiamond
26.1393527,15.4707559946404,blackdiamond
26.1594136,15.41115279312,blackdiamond
26.1794745,16.1934448130753,blackdiamond
26.1995354,15.9885588078489,blackdiamond
26.2195963,15.7464208016723,blackdiamond
26.2396572,15.9550320069937,blackdiamond
26.2597181,15.5713363972061,blackdiamond
26.279779,15.8097492032877,blackdiamond
26.2998399,15.9028792056634,blackdiamond
26.3199008,15.5266339960658,blackdiamond
26.3399617,15.2956715901742,blackdiamond
26.3600226,15.5005575954006,blackdiamond
26.3800835,15.5713363972061,blackdiamond
26.4001444,15.4521299941653,blackdiamond
26.4202053,15.40370239293,blackdiamond
26.4402662,15.4931071952106,blackdiamond
26.4603271,15.5750615973011,blackdiamond
26.480388,15.2807707897941,blackdiamond
26.5004489,15.4484047940703,blackdiamond
26.5205098,15.4409543938802,blackdiamond
26.5405707,15.1913659875135,blackdiamond
26.5606316,15.1839155873235,blackdiamond
26.5806925,15.0647091842827,blackdiamond
26.6007534,14.9119759803866,blackdiamond
26.6208143,15.1056863853279,blackdiamond
26.6408752,15.0609839841876,blackdiamond
26.6609361,14.8598231790563,blackdiamond
26.680997,14.7927695773458,blackdiamond
26.7010579,15.0237319832374,blackdiamond
26.7211188,14.5469063710741,blackdiamond
26.7411797,14.8523727788662,blackdiamond
26.7612406,14.8113955778209,blackdiamond
26.7813015,14.8002199775359,blackdiamond
26.8013624,14.4239747679383,blackdiamond
26.8214233,14.4314251681283,blackdiamond
26.8414842,14.7666931766806,blackdiamond
26.8615451,14.5171047703139,blackdiamond
26.881606,14.1669359613815,blackdiamond
26.9016669,15.0274571833324,blackdiamond
26.9217278,14.7070899751602,blackdiamond
26.9417887,13.8167671524491,blackdiamond
26.9618496,14.4239747679383,blackdiamond
26.9819105,14.1222335602412,blackdiamond
27.0019714,14.1334091605263,blackdiamond
27.0220323,13.9918515569153,blackdiamond
27.0420932,14.0142027574855,blackdiamond
27.0621541,13.9993019571054,blackdiamond
27.082215,14.1445847608114,blackdiamond
27.1022759,14.4090739675582,blackdiamond
27.1223368,13.9769507565352,blackdiamond
27.1423977,14.2228139628069,blackdiamond
27.1624586,13.9918515569153,blackdiamond
27.1825195,13.7571639509287,blackdiamond
27.2025804,13.7273623501685,blackdiamond
27.2226413,13.6603087484581,blackdiamond
27.2427022,13.8353931529243,blackdiamond
27.2627631,13.6565835483631,blackdiamond
27.282824,13.7646143511188,blackdiamond
27.3028849,14.1594855611915,blackdiamond
27.3229458,13.1685823359147,blackdiamond
27.3430067,13.3175903397157,blackdiamond
27.3630676,13.6081559471277,blackdiamond
27.3831285,13.9173475550148,blackdiamond
27.4031894,13.2579871381953,blackdiamond
27.4232503,13.5187511448471,blackdiamond
27.4433112,13.5522779457023,blackdiamond
27.4633721,13.507575544562,blackdiamond
27.483433,13.4852243439919,blackdiamond
27.5034939,13.5522779457023,blackdiamond
27.5235548,13.4107203420914,blackdiamond
27.5436157,13.2766131386705,blackdiamond
27.5636766,13.1313303349645,blackdiamond
27.5837375,13.2617123382904,blackdiamond
27.6037984,12.7886119262221,blackdiamond
27.6238593,12.9823223311635,blackdiamond
27.6439202,12.8258639271724,blackdiamond
27.6639811,13.2728879385754,blackdiamond
27.684042,12.7811615260321,blackdiamond
27.7041029,12.3415879148191,blackdiamond
27.7241638,12.9040931291679,blackdiamond
27.7442247,12.762535525557,blackdiamond
27.7642856,12.7401843249868,blackdiamond
27.7843465,13.0754523335391,blackdiamond
27.8044074,12.7550851253669,blackdiamond
27.8244683,12.8519403278376,blackdiamond
27.8445292,12.4831455184301,blackdiamond
27.8645901,12.2708091130136,blackdiamond
27.884651,12.4980463188102,blackdiamond
27.9047119,12.617252721851,blackdiamond
27.9247728,12.3937407161495,blackdiamond
27.9448337,12.5613747204256,blackdiamond
27.9648946,12.3415879148191,blackdiamond
27.9849555,12.2000303112081,blackdiamond
28.0050164,12.620977921946,blackdiamond
28.0250773,12.0063199062668,blackdiamond
28.0451382,12.2000303112081,blackdiamond
28.0651991,12.1516027099728,blackdiamond
28.08526,12.3564887151992,blackdiamond
28.1053209,12.3378627147241,blackdiamond
28.1253818,11.7567314999001,blackdiamond
28.1454427,11.4773414927732,blackdiamond
28.1655036,12.3192367142489,blackdiamond
28.1855645,11.9541671049365,blackdiamond
28.2056254,12.0174955065519,blackdiamond
28.2256863,11.9914191058867,blackdiamond
28.2457472,11.2426538867866,blackdiamond
28.2658081,11.6598762974295,blackdiamond
28.285869,11.5667462950538,blackdiamond
28.3059299,11.9094647037962,blackdiamond
28.3259908,11.8610371025608,blackdiamond
28.3460517,11.8535867023708,blackdiamond
28.3661126,11.2836310878319,blackdiamond
28.3861735,11.4549902922031,blackdiamond
28.4062344,11.440089491823,blackdiamond
28.4262953,11.8126095013255,blackdiamond
28.4463562,11.8610371025608,blackdiamond
28.4664171,11.6412502969543,blackdiamond
28.486478,11.6449754970494,blackdiamond
28.5065389,11.1905010854563,blackdiamond
28.5265998,11.8088843012305,blackdiamond
28.5466607,11.7790827004703,blackdiamond
28.5667216,11.4996926933434,blackdiamond
28.5867825,11.1644246847911,blackdiamond
28.6068434,11.4326390916329,blackdiamond
28.6269043,11.0675694823204,blackdiamond
28.6469652,11.2687302874518,blackdiamond
28.6670261,10.9520882793746,blackdiamond
28.687087,11.4102878910628,blackdiamond
28.7071479,11.0936458829856,blackdiamond
28.7272088,10.8738590773791,blackdiamond
28.7472697,10.713675473293,blackdiamond
28.7673306,10.9856150802299,blackdiamond
28.7873915,10.9409126790896,blackdiamond
28.8074524,10.858958276999,blackdiamond
28.8275133,10.7993550754786,blackdiamond
28.8475742,10.7397518739582,blackdiamond
28.8676351,10.5236902684467,blackdiamond
28.887696,10.709950273198,blackdiamond
28.9077569,10.8068054756686,blackdiamond
28.9278178,10.5236902684467,blackdiamond
28.9478787,10.3560562641706,blackdiamond
28.9679396,10.572117869682,blackdiamond
28.9880005,10.4640870669263,blackdiamond
29.0080614,10.4603618668313,blackdiamond
29.0281223,10.568392669587,blackdiamond
29.0481832,10.2554758616049,blackdiamond
29.0682441,10.1735214595143,blackdiamond
29.088305,10.568392669587,blackdiamond
29.1083659,10.423109865881,blackdiamond
29.1284268,10.2852774623651,blackdiamond
29.1484877,10.3262546634104,blackdiamond
29.1685486,10.3113538630303,blackdiamond
29.1886095,10.3001782627452,blackdiamond
29.2086704,9.99471185495311,blackdiamond
29.2287313,10.1511702589442,blackdiamond
29.2487922,10.0319638559034,blackdiamond
29.2688531,10.1027426577088,blackdiamond
29.288914,10.1437198587541,blackdiamond
29.3089749,10.1027426577088,blackdiamond
29.3290358,9.76002424896651,blackdiamond
29.3490967,10.0654906567586,blackdiamond
29.3691576,9.65571864630579,blackdiamond
29.3892185,9.99471185495311,blackdiamond
29.4092794,9.64826824611574,blackdiamond
29.4293403,9.52161144288488,blackdiamond
29.4494012,9.99098665485808,blackdiamond
29.4694621,9.66316904649585,blackdiamond
29.489523,9.685520247066,blackdiamond
29.5095839,9.24222143575798,blackdiamond
29.5296448,9.28692383689828,blackdiamond
29.5497057,9.62219184545057,blackdiamond
29.5697666,9.49180984212468,blackdiamond
29.5898275,9.4210310403192,blackdiamond
29.6098884,9.51416104269483,blackdiamond
29.6299493,9.42475624041422,blackdiamond
29.6500102,9.34652703841869,blackdiamond
29.6700711,9.30182463727838,blackdiamond
29.690132,9.08203783167189,blackdiamond
29.7101929,8.77284622378478,blackdiamond
29.7302538,9.06341183119676,blackdiamond
29.7503147,9.28692383689828,blackdiamond
29.7703756,9.08576303176691,blackdiamond
29.7904365,8.91812902749077,blackdiamond
29.8104974,8.61638781979371,blackdiamond
29.8305583,8.75049502321463,blackdiamond
29.8506192,9.10066383214701,blackdiamond
29.8706801,9.10066383214701,blackdiamond
29.890741,8.66109022093402,blackdiamond
29.9108019,8.70579262207432,blackdiamond
29.9308628,8.89205262682559,blackdiamond
29.9509237,8.45992941580265,blackdiamond
29.9709846,9.07458743148184,blackdiamond
29.9910455,8.73931942292955,blackdiamond
30.0111064,8.28484501133645,blackdiamond
30.0311673,8.56050981836833,blackdiamond
30.0512282,8.58658621903351,blackdiamond
30.0712891,8.60148701941361,blackdiamond
30.09135,8.72814382264447,blackdiamond
30.1114109,8.69834222188427,blackdiamond
30.1314718,8.4822806163728,blackdiamond
30.1515327,8.44130341532752,blackdiamond
30.1715936,8.34817341295189,blackdiamond
30.1916545,8.26621901086133,blackdiamond
30.2117154,8.25504341057625,blackdiamond
30.2317763,8.17308900848569,blackdiamond
30.2518372,8.10603540677524,blackdiamond
30.2718981,8.04643220525483,blackdiamond
30.291959,7.97937860354437,blackdiamond
30.3120199,7.94957700278417,blackdiamond
30.3320808,8.32954741247676,blackdiamond
30.3521417,7.77076739822295,blackdiamond
30.3722026,7.99427940392447,blackdiamond
30.3922635,7.85644700040853,blackdiamond
30.4123244,8.06878340582498,blackdiamond
30.4323853,7.88997380126376,blackdiamond
30.4524462,7.78939339869808,blackdiamond
30.4725071,7.78194299850803,blackdiamond
30.492568,7.84154620002843,blackdiamond
30.5126289,7.80801939917321,blackdiamond
30.5326898,7.61803419432691,blackdiamond
30.5527507,7.65528619527716,blackdiamond
30.5728116,7.37589618815026,blackdiamond
30.5928725,7.65156099518214,blackdiamond
30.6129334,7.39824738872041,blackdiamond
30.6329943,7.63666019480204,blackdiamond
30.6530552,7.36472058786518,blackdiamond
30.6731161,7.48765219100102,blackdiamond
30.693177,7.5286293920463,blackdiamond
30.7132379,7.46157579033584,blackdiamond
30.7332988,7.44667498995574,blackdiamond
30.7533597,7.56215619290153,blackdiamond
30.7734206,7.4690261905259,blackdiamond
30.7934815,7.28276618577463,blackdiamond
30.8135424,7.19336138349402,blackdiamond
30.8336033,7.0741549804532,blackdiamond
30.8536642,7.08160538064326,blackdiamond
30.8737251,7.18591098330397,blackdiamond
30.893786,6.91769657646214,blackdiamond
30.9138469,7.23806378463432,blackdiamond
30.9339078,6.91024617627209,blackdiamond
30.9539687,7.0741549804532,blackdiamond
30.9740296,6.92142177655716,blackdiamond
30.9940905,6.78731457313625,blackdiamond
31.0141514,6.64203176943026,blackdiamond
31.0342123,6.64948216962031,blackdiamond
31.0542732,6.96984937779249,blackdiamond
31.0743341,6.79849017342133,blackdiamond
31.094395,6.56380256743473,blackdiamond
31.1144559,6.70908537114072,blackdiamond
31.1345168,6.63830656933523,blackdiamond
31.1545777,6.96612417769747,blackdiamond
31.1746386,6.60477976848001,blackdiamond
31.1946995,6.82084137399148,blackdiamond
31.2147604,6.67183337019046,blackdiamond
31.2348213,6.44459616439391,blackdiamond
31.2548822,6.67928377038051,blackdiamond
31.2749431,6.310488960973,blackdiamond
31.295004,6.41479456363371,blackdiamond
31.3150649,6.34401576182823,blackdiamond
31.3351258,6.32166456125808,blackdiamond
31.3551867,6.34774096192325,blackdiamond
31.3752476,6.2955881605929,blackdiamond
31.3953085,6.09442735546153,blackdiamond
31.4153694,6.2806873602128,blackdiamond
31.4354303,6.16893135736204,blackdiamond
31.4554912,6.2657865598327,blackdiamond
31.4755521,6.45577176467899,blackdiamond
31.495613,6.39244336306356,blackdiamond
31.5156739,5.89326655033016,blackdiamond
31.5357348,6.00874775327594,blackdiamond
31.5557957,5.88954135023513,blackdiamond
31.5758566,5.75543414681422,blackdiamond
31.5959175,6.12795415631676,blackdiamond
31.6159784,5.87836574995006,blackdiamond
31.6360393,5.77033494719432,blackdiamond
31.6561002,5.74798374662417,blackdiamond
31.6761611,5.8560145493799,blackdiamond
31.696222,5.56544894196792,blackdiamond
31.7162829,5.58780014253808,blackdiamond
31.7363438,5.43879213873706,blackdiamond
31.7564047,5.8262129486197,blackdiamond
31.7764656,5.64367814396346,blackdiamond
31.7965265,5.58034974234803,blackdiamond
31.8165874,5.50957094054254,blackdiamond
31.8366483,5.35311253655148,blackdiamond
31.8567092,5.23390613351066,blackdiamond
31.8767701,5.36428813683655,blackdiamond
31.896831,5.38663933740671,blackdiamond
31.9168919,5.77406014728935,blackdiamond
31.9369528,5.37918893721665,blackdiamond
31.9570137,5.12587533075493,blackdiamond
31.9770746,5.36801333693158,blackdiamond
31.9971355,5.3568377366465,blackdiamond
32.0171964,5.43879213873706,blackdiamond
32.0372573,5.37546373712163,blackdiamond
32.0573182,5.1221501306599,blackdiamond
32.0773791,5.03274532837929,blackdiamond
32.09744,5.38663933740671,blackdiamond
32.1175009,5.19292893246539,blackdiamond
32.1375618,4.76825612163249,blackdiamond
32.1576227,4.88373732457828,blackdiamond
32.1776836,5.07372252942457,blackdiamond
32.1977445,5.06999732932955,blackdiamond
32.2178054,5.05137132885442,blackdiamond
32.2378663,4.95824132647879,blackdiamond
32.2579272,4.97686732695391,blackdiamond
32.2779881,4.78688212210762,blackdiamond
32.298049,4.71237812020711,blackdiamond
32.3181099,4.63042371811655,blackdiamond
32.3381708,4.59689691726132,blackdiamond
32.3582317,4.77198132172752,blackdiamond
32.3782926,4.52611811545584,blackdiamond
32.3983535,4.78688212210762,blackdiamond
32.4184144,4.67140091916183,blackdiamond
32.4384753,4.64532451849665,blackdiamond
32.4585362,4.73845452087229,blackdiamond
32.4785971,4.24300290823391,blackdiamond
32.498658,4.65650011878173,blackdiamond
32.5187189,4.31005650994437,blackdiamond
32.5387798,4.6378741183066,blackdiamond
32.5588407,4.66767571906681,blackdiamond
32.5789016,4.41436211260508,blackdiamond
32.5989625,4.06419330367269,blackdiamond
32.6190234,4.25417850851899,blackdiamond
32.6390843,4.31750691013442,blackdiamond
32.6591452,4.18339970671351,blackdiamond
32.6792061,4.34730851089462,blackdiamond
32.699267,3.97851370148711,blackdiamond
32.7193279,3.96361290110701,blackdiamond
32.7393888,3.94498690063188,blackdiamond
32.7594497,3.73637569531046,blackdiamond
32.7795106,4.03066650281747,blackdiamond
32.7995715,3.77362769626071,blackdiamond
32.8196324,3.80715449711594,blackdiamond
32.8396933,3.91146009977665,blackdiamond
32.8597542,3.91146009977665,blackdiamond
32.8798151,3.68794809407513,blackdiamond
32.899876,3.71402449474031,blackdiamond
32.9199369,3.79225369673584,blackdiamond
32.9399978,3.69167329417016,blackdiamond
32.9600587,3.83323089778112,blackdiamond
32.9801196,3.47188648856366,blackdiamond
33.0001805,3.4346344876134,blackdiamond
33.0202414,3.69539849426518,blackdiamond
33.0403023,3.63579529274477,blackdiamond
33.0603632,3.4048328868532,blackdiamond
33.0804241,3.39738248666315,blackdiamond
33.100485,3.28190128371736,blackdiamond
33.1205459,3.38248168628305,blackdiamond
33.1406068,3.22602328229198,blackdiamond
33.1606677,3.41228328704325,blackdiamond
33.1807286,3.51286368960894,blackdiamond
33.2007895,3.31542808457259,blackdiamond
33.2208504,3.30425248428752,blackdiamond
33.2409113,3.22602328229198,blackdiamond
33.2609722,3.22974848238701,blackdiamond
33.2810331,3.26327528324224,blackdiamond
33.301094,2.89820567392975,blackdiamond
33.3211549,3.07701527849097,blackdiamond
33.3412158,2.91310647430985,blackdiamond
33.3612767,3.08446567868102,blackdiamond
33.3813376,2.9056560741198,blackdiamond
33.4013985,3.05838927801584,blackdiamond
33.4214594,3.09936647906112,blackdiamond
33.4415203,2.99878607649543,blackdiamond
33.4615812,2.94290807507005,blackdiamond
33.4816421,2.92428207459493,blackdiamond
33.501703,2.8609536729795,blackdiamond
33.5217639,2.73057166965361,blackdiamond
33.5418248,2.81252607174416,blackdiamond
33.5618857,2.87212927326457,blackdiamond
33.5819466,2.51078486404711,blackdiamond
33.6020075,2.58528886594762,blackdiamond
33.6220684,2.60018966632772,blackdiamond
33.6421293,2.61881566680285,blackdiamond
33.6621902,2.74919767012873,blackdiamond
33.6822511,2.73429686974863,blackdiamond
33.702312,2.38785326091127,blackdiamond
33.7223729,2.49960926376203,blackdiamond
33.7424338,2.55921246528244,blackdiamond
33.7624947,2.51823526423716,blackdiamond
33.7825556,2.60018966632772,blackdiamond
33.8026165,2.48843366347696,blackdiamond
33.8226774,2.38040286072122,blackdiamond
33.8427383,2.24629565730031,blackdiamond
33.8627992,2.2164940565401,blackdiamond
33.8828601,2.31707445910579,blackdiamond
33.902921,2.32825005939087,blackdiamond
33.9229819,2.13453965444954,blackdiamond
33.9430428,2.19786805606498,blackdiamond
33.9631037,2.13826485454457,blackdiamond
33.9831646,2.12708925425949,blackdiamond
34.0032255,2.12708925425949,blackdiamond
34.0232864,1.98925685074356,blackdiamond
34.0433473,1.98925685074356,blackdiamond
34.0634082,2.02650885169381,blackdiamond
34.0834691,2.01533325140873,blackdiamond
34.10353,1.94082924950823,blackdiamond
34.1235909,1.9818064505535,blackdiamond
34.1436518,1.97808125045848,blackdiamond
34.1637127,1.9222032490331,blackdiamond
34.1837736,1.94082924950823,blackdiamond
34.2038345,1.74339364447188,blackdiamond
34.2238954,1.91847804893807,blackdiamond
34.2439563,1.78809604561218,blackdiamond
34.2640172,1.73966844437685,blackdiamond
34.2840781,1.79927164589726,blackdiamond
34.304139,1.82162284646741,blackdiamond
34.3241999,1.47517923763005,blackdiamond
34.3442608,1.46772883744,blackdiamond
34.3643217,1.47145403753503,blackdiamond
34.3843826,1.63163764162112,blackdiamond
34.4044435,1.54223283934051,blackdiamond
34.4245044,1.46400363734498,blackdiamond
34.4445653,1.49380523810518,blackdiamond
34.4646262,1.52733203896041,blackdiamond
34.4846871,1.35597283458924,blackdiamond
34.504748,1.40067523572954,blackdiamond
34.5248089,1.41185083601462,blackdiamond
34.5448698,1.40067523572954,blackdiamond
34.5649307,1.33362163401909,blackdiamond
34.5849916,1.32244603373401,blackdiamond
34.6050525,1.36714843487432,blackdiamond
34.6251134,1.28891923287878,blackdiamond
34.6451743,1.22931603135838,blackdiamond
34.6652352,1.32989643392406,blackdiamond
34.6852961,1.2032396306932,blackdiamond
34.705357,1.18461363021807,blackdiamond
34.7254179,1.12873562879269,blackdiamond
34.7454788,1.10265922812751,blackdiamond
34.7655397,1.04678122670213,blackdiamond
34.7856006,1.04305602660711,blackdiamond
34.8056615,0.92012442347127,blackdiamond
34.8257224,1.02443002613198,blackdiamond
34.8457833,1.00207882556183,blackdiamond
34.8658442,0.942475624041422,blackdiamond
34.8859051,0.849345621665788,blackdiamond
34.905966,0.733864418720001,blackdiamond
34.9260269,0.808368420620508,blackdiamond
34.9460878,0.834444821285686,blackdiamond
34.9661487,0.834444821285686,blackdiamond
34.9862096,0.782292019955331,blackdiamond
35.0062705,0.808368420620508,blackdiamond
35.0263314,0.867971622140915,blackdiamond
35.0463923,0.722688818434924,blackdiamond
35.0664532,0.685436817484671,blackdiamond
35.0865141,0.748765219100102,blackdiamond
35.106575,0.715238418244874,blackdiamond
35.1266359,0.674261217199595,blackdiamond
35.1466968,0.715238418244874,blackdiamond
35.1667577,0.666810817009544,blackdiamond
35.1868186,0.651910016629442,blackdiamond
35.2068795,0.584856414918985,blackdiamond
35.2269404,0.584856414918985,blackdiamond
35.2470013,0.596032015204061,blackdiamond
35.2670622,0.592306815109036,blackdiamond
35.2871231,0.569955614538884,blackdiamond
35.307184,0.614658015679188,blackdiamond
35.3272449,0.525253213398579,blackdiamond
35.3473058,0.454474411593097,blackdiamond
35.3673667,0.417222410642843,blackdiamond
35.3874276,0.443298811308021,blackdiamond
35.4074885,0.491726412543351,blackdiamond
35.4275494,0.38742080988264,blackdiamond
35.4476103,0.447024011403046,blackdiamond
35.4676712,0.357619209122437,blackdiamond
35.4877321,0.398596410167716,blackdiamond
35.507793,0.409772010452792,blackdiamond
35.5278539,0.417222410642843,blackdiamond
35.5479148,0.413497210547818,blackdiamond
35.5679757,0.372520009502538,blackdiamond
35.5880366,0.335268008552285,blackdiamond
35.6080975,0.283115207221929,blackdiamond
35.6281584,0.279390007126904,blackdiamond
35.6482193,0.301741207697056,blackdiamond
35.6682802,0.331542808457259,blackdiamond
35.6883411,0.271939606936853,blackdiamond
35.708402,0.331542808457259,blackdiamond
35.7284629,0.264489206746802,blackdiamond
35.7485238,0.294290807507005,blackdiamond
35.7685847,0.301741207697056,blackdiamond
35.7886456,0.260764006651777,blackdiamond
35.8087065,0.305466407792082,blackdiamond
35.8287674,0.24213800617665,blackdiamond
35.8488283,0.223512005701523,blackdiamond
35.8688892,0.268214406841828,blackdiamond
35.8889501,0.197435605036345,blackdiamond
35.909011,0.230962405891574,blackdiamond
35.9290719,0.219786805606498,blackdiamond
35.9491328,0.216061605511472,blackdiamond
35.9691937,0.253313606461726,blackdiamond
35.9892546,0.182534804656244,blackdiamond
36.0093155,0.186260004751269,blackdiamond
36.0293764,0.178809604561218,blackdiamond
36.0494373,0.167634004276142,blackdiamond
36.0694982,0.175084404466193,blackdiamond
36.0895591,0.171359204371168,blackdiamond
36.10962,0.197435605036345,blackdiamond
36.1296809,0.182534804656244,blackdiamond
36.1497418,0.141557603610965,blackdiamond
36.1698027,0.137832403515939,blackdiamond
36.1898636,0.104305602660711,blackdiamond
36.2099245,0.122931603135838,blackdiamond
36.2299854,0.122931603135838,blackdiamond
36.2500463,0.189985204846295,blackdiamond
36.2701072,0.186260004751269,blackdiamond
36.2901681,0.152733203896041,blackdiamond
36.310229,0.104305602660711,blackdiamond
36.3302899,0.137832403515939,blackdiamond
36.3503508,0.156458403991066,blackdiamond
36.3704117,0.115481202945787,blackdiamond
36.3904726,0.126656803230863,blackdiamond
36.4105335,0.115481202945787,blackdiamond
36.4305944,0.134107203420914,blackdiamond
36.4506553,0.122931603135838,blackdiamond
36.4707162,0.104305602660711,blackdiamond
36.4907771,0.0745040019005077,blackdiamond
36.510838,0.0670536017104569,blackdiamond
36.5308989,0.104305602660711,blackdiamond
36.5509598,0.0819544020905584,blackdiamond
36.5710207,0.108030802755736,blackdiamond
36.5910816,0.108030802755736,blackdiamond
36.6111425,0.119206403040812,blackdiamond
36.6312034,0.100580402565685,blackdiamond
36.6512643,0.09685520247066,blackdiamond
36.6713252,0.104305602660711,blackdiamond
36.6913861,0.0856796021855838,blackdiamond
36.711447,0.0558780014253808,blackdiamond
36.7315079,0.104305602660711,blackdiamond
36.7515688,0.0670536017104569,blackdiamond
36.7716297,0.0819544020905584,blackdiamond
36.7916906,0.100580402565685,blackdiamond
36.8117515,0.100580402565685,blackdiamond
36.8318124,0.0745040019005077,blackdiamond
36.8518733,0.0447024011403046,blackdiamond
36.8719342,0.0372520009502538,blackdiamond
36.8919951,0.0894048022806092,blackdiamond
36.912056,0.0707788018054823,blackdiamond
36.9321169,0.0745040019005077,blackdiamond
36.9521778,0.104305602660711,blackdiamond
36.9722387,0.0707788018054823,blackdiamond
36.9922996,0.0894048022806092,blackdiamond
37.0123605,0.0633284016154315,blackdiamond
37.0324214,0.0856796021855838,blackdiamond
37.0524823,0.0596032015204061,blackdiamond
37.0725432,0.0670536017104569,blackdiamond
37.0926041,0.0745040019005077,blackdiamond
37.112665,0.0558780014253808,blackdiamond
37.1327259,0.0707788018054823,blackdiamond
37.1527868,0.0819544020905584,blackdiamond
37.1728477,0.0596032015204061,blackdiamond
37.1929086,0.0633284016154315,blackdiamond
37.2129695,0.0633284016154315,blackdiamond
37.2330304,0.0707788018054823,blackdiamond
37.2530913,0.0670536017104569,blackdiamond
37.2731522,0.04842760123533,blackdiamond
37.2932131,0.0782292019955331,blackdiamond
37.313274,0.0670536017104569,blackdiamond
37.3333349,0.09685520247066,blackdiamond
37.3533958,0.0558780014253808,blackdiamond
37.3734567,0.0596032015204061,blackdiamond
37.3935176,0.0782292019955331,blackdiamond
37.4135785,0.0372520009502538,blackdiamond
37.4336394,0.0558780014253808,blackdiamond
37.4537003,0.0670536017104569,blackdiamond
37.4737612,0.0782292019955331,blackdiamond
37.4938221,0.04842760123533,blackdiamond
37.513883,0.04842760123533,blackdiamond
37.5339439,0.0521528013303554,blackdiamond
37.5540048,0.0521528013303554,blackdiamond
37.5740657,0.0447024011403046,blackdiamond
37.5941266,0.0447024011403046,blackdiamond
37.6141875,0.0707788018054823,blackdiamond
37.6342484,0.0447024011403046,blackdiamond
37.6543093,0.0707788018054823,blackdiamond
37.6743702,0.0707788018054823,blackdiamond
37.6944311,0.0670536017104569,blackdiamond
37.714492,0.0521528013303554,blackdiamond
37.7345529,0.04842760123533,blackdiamond
37.7546138,0.0558780014253808,blackdiamond
37.7746747,0.0558780014253808,blackdiamond
37.7947356,0.0447024011403046,blackdiamond
37.8147965,0.0447024011403046,blackdiamond
37.8348574,0.0596032015204061,blackdiamond
37.8549183,0.0633284016154315,blackdiamond
37.8749792,0.04842760123533,blackdiamond
37.8950401,0.0521528013303554,blackdiamond
37.915101,0.0558780014253808,blackdiamond
37.9351619,0.0260764006651777,blackdiamond
37.9552228,0.0782292019955331,blackdiamond
37.9752837,0.04842760123533,blackdiamond
37.9953446,0.0335268008552285,blackdiamond
38.0154055,0.0782292019955331,blackdiamond
38.0354664,0.0521528013303554,blackdiamond
38.0555273,0.0409772010452792,blackdiamond
38.0755882,0.0745040019005077,blackdiamond
38.0956491,0.0596032015204061,blackdiamond
38.11571,0.0447024011403046,blackdiamond
38.1357709,0.0335268008552285,blackdiamond
38.1558318,0.0596032015204061,blackdiamond
38.1758927,0.0745040019005077,blackdiamond
38.1959536,0.0596032015204061,blackdiamond
38.2160145,0.0558780014253808,blackdiamond
38.2360754,0.0335268008552285,blackdiamond
38.2561363,0.0409772010452792,blackdiamond
38.2761972,0.0223512005701523,blackdiamond
38.2962581,0.04842760123533,blackdiamond
38.316319,0.0409772010452792,blackdiamond
38.3363799,0.04842760123533,blackdiamond
38.3564408,0.0260764006651777,blackdiamond
38.3765017,0.0596032015204061,blackdiamond
38.3965626,0.0447024011403046,blackdiamond
38.4166235,0.0335268008552285,blackdiamond
38.4366844,0.0409772010452792,blackdiamond
38.4567453,0.0372520009502538,blackdiamond
38.4768062,0.0186260004751269,blackdiamond
38.4968671,0.0447024011403046,blackdiamond
38.516928,0.0409772010452792,blackdiamond
38.5369889,0.0335268008552285,blackdiamond
38.5570498,0.0558780014253808,blackdiamond
38.5771107,0.0335268008552285,blackdiamond
38.5971716,0.0186260004751269,blackdiamond
38.6172325,0.0149008003801015,blackdiamond
38.6372934,0.0298016007602031,blackdiamond
38.6573543,0.0298016007602031,blackdiamond
38.6774152,0.0335268008552285,blackdiamond
38.6974761,0.0260764006651777,blackdiamond
38.717537,0.0558780014253808,blackdiamond
38.7375979,0.0186260004751269,blackdiamond
38.7576588,0.0298016007602031,blackdiamond
38.7777197,0.0223512005701523,blackdiamond
38.7977806,0.0447024011403046,blackdiamond
38.8178415,0.0335268008552285,blackdiamond
38.8379024,0.0335268008552285,blackdiamond
38.8579633,0.0409772010452792,blackdiamond
38.8780242,0.0298016007602031,blackdiamond
38.8980851,0.0447024011403046,blackdiamond
38.918146,0.0223512005701523,blackdiamond
38.9382069,0.0260764006651777,blackdiamond
38.9582678,0.0558780014253808,blackdiamond
38.9783287,0.0260764006651777,blackdiamond
38.9983896,0.0372520009502538,blackdiamond
39.0184505,0.0149008003801015,blackdiamond
39.0385114,0.0335268008552285,blackdiamond
39.0585723,0.0298016007602031,blackdiamond
39.0786332,0.0335268008552285,blackdiamond
39.0986941,0.0260764006651777,blackdiamond
39.118755,0.0260764006651777,blackdiamond
39.1388159,0.0372520009502538,blackdiamond
39.1588768,0.0558780014253808,blackdiamond
39.1789377,0.0223512005701523,blackdiamond
39.1989986,0.0335268008552285,blackdiamond
39.2190595,0.0521528013303554,blackdiamond
39.2391204,0.0335268008552285,blackdiamond
39.2591813,0.0223512005701523,blackdiamond
39.2792422,0.0260764006651777,blackdiamond
39.2993031,0.0298016007602031,blackdiamond
39.319364,0.0111756002850762,blackdiamond
39.3394249,0.0298016007602031,blackdiamond
39.3594858,0.0335268008552285,blackdiamond
39.3795467,0.0186260004751269,blackdiamond
39.3996076,0.0186260004751269,blackdiamond
39.4196685,0.0260764006651777,blackdiamond
39.4397294,0.0447024011403046,blackdiamond
39.4597903,0.0260764006651777,blackdiamond
39.4798512,0.0260764006651777,blackdiamond
39.4999121,0.0260764006651777,blackdiamond
39.519973,0.0260764006651777,blackdiamond
39.5400339,0.0223512005701523,blackdiamond
39.5600948,0.0335268008552285,blackdiamond
39.5801557,0.0372520009502538,blackdiamond
39.6002166,0.0260764006651777,blackdiamond
39.6202775,0.0223512005701523,blackdiamond
39.6403384,0.0298016007602031,blackdiamond
39.6603993,0.0298016007602031,blackdiamond
39.6804602,0.04842760123533,blackdiamond
39.7005211,0.0260764006651777,blackdiamond
39.720582,0.0223512005701523,blackdiamond
39.7406429,0.0298016007602031,blackdiamond
39.7607038,0.0149008003801015,blackdiamond
39.7807647,0.0372520009502538,blackdiamond
39.8008256,0.0372520009502538,blackdiamond
39.8208865,0.04842760123533,blackdiamond
39.8409474,0.0186260004751269,blackdiamond
39.8610083,0.0298016007602031,blackdiamond
39.8810692,0.0186260004751269,blackdiamond
39.9011301,0.0372520009502538,blackdiamond
39.921191,0.0409772010452792,blackdiamond
39.9412519,0.0409772010452792,blackdiamond
39.9613128,0.0372520009502538,blackdiamond
39.9813737,0.0298016007602031,blackdiamond
40.0014346,0.0298016007602031,blackdiamond
40.0214955,0.0447024011403046,blackdiamond
40.0415564,0.0298016007602031,blackdiamond
40.0616173,0.0335268008552285,blackdiamond
40.0816782,0.0260764006651777,blackdiamond
40.1017391,0.0372520009502538,blackdiamond
40.1218,0.0223512005701523,blackdiamond
40.1418609,0.0447024011403046,blackdiamond
40.1619218,0.04842760123533,blackdiamond
40.1819827,0.0558780014253808,blackdiamond
40.2020436,0.04842760123533,blackdiamond
40.2221045,0.0633284016154315,blackdiamond
40.2421654,0.0298016007602031,blackdiamond
40.2622263,0.0372520009502538,blackdiamond
40.2822872,0.0260764006651777,blackdiamond
40.3023481,0.0372520009502538,blackdiamond
40.322409,0.0409772010452792,blackdiamond
40.3424699,0.0409772010452792,blackdiamond
40.3625308,0.0149008003801015,blackdiamond
40.3825917,0.0447024011403046,blackdiamond
40.4026526,0.0335268008552285,blackdiamond
40.4227135,0.0447024011403046,blackdiamond
40.4427744,0.0409772010452792,blackdiamond
40.4628353,0.0335268008552285,blackdiamond
40.4828962,0.0372520009502538,blackdiamond
40.5029571,0.0298016007602031,blackdiamond
40.523018,0.0186260004751269,blackdiamond
40.5430789,0.0521528013303554,blackdiamond
40.5631398,0.0335268008552285,blackdiamond
40.5832007,0.0223512005701523,blackdiamond
40.6032616,0.0149008003801015,blackdiamond
40.6233225,0.0409772010452792,blackdiamond
40.6433834,0.0260764006651777,blackdiamond
40.6634443,0.0111756002850762,blackdiamond
40.6835052,0.0260764006651777,blackdiamond
40.7035661,0.0111756002850762,blackdiamond
40.723627,0.0111756002850762,blackdiamond
40.7436879,0.0409772010452792,blackdiamond
40.7637488,0.0372520009502538,blackdiamond
40.7838097,0.0260764006651777,blackdiamond
40.8038706,0.0409772010452792,blackdiamond
40.8239315,0.0186260004751269,blackdiamond
40.8439924,0.0372520009502538,blackdiamond
40.8640533,0.0335268008552285,blackdiamond
40.8841142,0.0260764006651777,blackdiamond
40.9041751,0.0149008003801015,blackdiamond
40.924236,0.0409772010452792,blackdiamond
40.9442969,0.0335268008552285,blackdiamond
40.9643578,0.0447024011403046,blackdiamond
40.9844187,0.0335268008552285,blackdiamond
41.0044796,0.0372520009502538,blackdiamond
41.0245405,0.0298016007602031,blackdiamond
41.0446014,0.0260764006651777,blackdiamond
41.0646623,0.0409772010452792,blackdiamond